file,window_idx,start_time,end_time,peak_count,pRR_3.25,RR_Mean,RR_Min,RR_Max,HR_Mean,HR_Min,HR_Max,HR_Std,SDNN,RMSSD,SDSD,NN20,pNN20,NN50,pNN50,NN100,pNN100,VLF,LF,HF,LFHF,SD1,SD2,SD1SD2,CSI,CVI,Area,is_af
132282-3-1in4-a_Export.xls,0,0,10,116,89.47368421052632,86.01304347826087,50.0,159.5,770.7104980357892,376.1755485893417,1200.0,236.41723536894096,28.168155846875784,39.19172397420373,39.363256967233646,62,54.385964912280706,21,18.421052631578945,2,1.7543859649122806,,,,,27.834025931119516,28.58417868193285,0.9737563650451331,1.0269509251974447,4.1048217281735235,2499.491235384657,True
132282-3-1in4-a_Export.xls,1,10,20,114,81.25,87.8716814159292,51.0,186.0,738.9380909662193,322.5806451612903,1176.4705882352941,213.72567733873694,24.63716874469834,33.810626763531864,33.962561422045354,45,40.17857142857143,13,11.607142857142858,2,1.7857142857142856,,,,,24.015157487992905,25.41926565662114,0.9447620482984922,1.058467581123724,3.9897684216415623,1917.7779091046398,True
132282-3-1in4-a_Export.xls,2,20,30,117,86.08695652173914,85.30603448275862,51.0,168.5,774.1385918498715,356.08308605341244,1176.4705882352941,235.71742113937268,27.184856042491276,39.139660748124285,39.30360710743003,63,54.78260869565217,26,22.608695652173914,0,0.0,,,,,27.791847110755562,26.146306216302797,1.062935883976863,0.9407905171651605,4.065447737790267,2282.8513232382556,True
132282-3-1in4-a_Export.xls,3,30,40,106,93.26923076923077,93.91428571428571,50.0,266.5,733.5910043560935,225.140712945591,1200.0,262.77861054073253,38.47010934721675,55.82904451572193,56.099399465820404,65,62.5,37,35.57692307692308,6,5.769230769230769,,,,,39.66826578277459,37.204719805209756,1.066215952988305,0.9378963025241553,4.373161235202704,4636.509193291506,True
132282-3-1in4-a_Export.xls,4,40,50,101,89.8989898989899,99.285,50.0,236.5,686.3503495133928,253.6997885835095,1200.0,247.73929625419512,36.96027453820377,48.90224220758485,49.148274916130056,50,50.505050505050505,24,24.242424242424242,6,6.0606060606060606,,,,,34.753078476816256,38.947364633760124,0.8923088584713071,1.120688190536613,4.335591340251926,4252.273895133484,True
132282-3-1in4-a_Export.xls,5,50,60,100,86.73469387755102,99.85353535353535,50.5,226.5,671.3728343400675,264.9006622516556,1188.118811881188,222.39285949700505,35.721017403099154,45.02553130600188,45.25556186199174,53,54.08163265306123,21,21.428571428571427,5,5.1020408163265305,,,,,32.000514679021656,39.27381413686124,0.8148053705073407,1.2272869524379146,4.3033800264853905,3948.297933360876,True
132282-3-1in4-a_Export.xls,6,60,70,103,83.16831683168317,97.67647058823529,50.5,209.0,666.9422463357627,287.08133971291863,1188.118811881188,207.7502630989284,27.36421445911563,34.94737911390056,35.119014059549734,53,52.475247524752476,16,15.841584158415841,2,1.9801980198019802,,,,,24.832892990093317,29.759696813903286,0.8344471096389584,1.1983983028387164,4.072775802118773,2321.6978123342824,True
132282-3-1in4-a_Export.xls,7,70,80,107,88.57142857142857,92.89622641509433,50.0,194.0,725.4385392816835,309.2783505154639,1200.0,248.3438512727935,31.913328830647075,39.9668612728095,40.15839916891016,53,50.476190476190474,25,23.809523809523807,3,2.857142857142857,,,,,28.396276373932583,35.245491424449106,0.8056711717242405,1.2412011687843698,4.204484947331072,3144.2338389887354,True
132282-3-1in4-a_Export.xls,8,80,90,108,88.67924528301887,93.07009345794393,50.0,204.5,723.1930205804065,293.39853300733495,1200.0,238.9184377140576,33.500665200248,46.12396135763661,46.334693949913664,57,53.77358490566038,23,21.69811320754717,6,5.660377358490567,,,,,32.76357629618724,33.90768213041585,0.9662582116398241,1.0349200534119272,4.24980938677196,3490.1112994815826,True
132282-3-1in4-a_Export.xls,9,90,100,108,99.05660377358491,92.71495327102804,50.0,159.0,720.4108559585832,377.35849056603774,1200.0,240.0127683868263,30.19130139544544,39.51047747355984,39.694564151538344,75,70.75471698113208,24,22.641509433962266,1,0.9433962264150944,,,,,28.068295487797194,32.155649820270796,0.87288845489613,1.1456217508558935,4.159593313039226,2835.4578978937607,True
132282-3-1in4-a_Export.xls,10,100,110,119,94.87179487179486,83.73305084745763,50.0,280.5,808.1369210566062,213.90374331550802,1200.0,254.3421671037497,33.82803938646808,45.9074924521898,46.103142032572656,61,52.13675213675214,21,17.94871794871795,2,1.7094017094017095,,,,,32.599844365238674,35.150652569595,0.9274321237904198,1.0782460239925644,4.263268901445296,3599.9692527417546,True
132282-3-1in4-a_Export.xls,11,110,120,112,88.18181818181819,88.69369369369369,50.0,183.0,757.9518551078103,327.8688524590164,1200.0,252.58038837735313,30.57778242532931,38.90177023314912,39.07861374900325,57,51.81818181818182,23,20.909090909090907,2,1.8181818181818181,,,,,27.63275278129005,33.34809412197305,0.828615652823255,1.2068321381484952,4.168615152828913,2894.976501193568,True
132282-3-1in4-a_Export.xls,12,120,130,118,97.41379310344827,85.02136752136752,50.0,210.0,799.2749470780675,285.7142857142857,1200.0,259.1340712165947,33.165493672302794,43.07281325127615,43.252970883569056,66,56.896551724137936,27,23.275862068965516,8,6.896551724137931,,,,,30.584469018235975,35.24116900024385,0.8678619321062916,1.1522570157824652,4.236671233851898,3386.110479873819,True
132282-3-1in4-a_Export.xls,13,130,140,110,90.74074074074075,90.1559633027523,50.0,223.5,775.5739818785925,268.4563758389262,1200.0,279.3332187408856,38.68017587571725,48.717819388042464,48.94273325839449,62,57.407407407407405,30,27.77777777777778,8,7.4074074074074066,,,,,34.60773857681511,42.52580101730452,0.8138056838184563,1.2287945634735575,4.371945706894857,4623.55040875723,True
132282-3-1in4-a_Export.xls,14,140,150,108,94.33962264150944,93.07009345794393,50.5,273.5,753.4647118750386,219.37842778793419,1188.118811881188,268.15268589599134,42.892166710082655,58.17868539218005,58.4331165565566,64,60.37735849056604,31,29.245283018867923,8,7.547169811320755,,,,,41.31845296300509,41.14700379048773,1.0041667474353746,0.9958505423068267,4.434602251635934,5341.11761676234,True
132282-3-1in4-a_Export.xls,15,150,160,99,91.75257731958763,99.25510204081633,50.0,226.5,700.5899806220547,264.9006622516556,1200.0,267.40687537913584,39.2034900677814,52.629516237387584,52.90017364804322,62,63.91752577319587,41,42.2680412371134,6,6.185567010309279,,,,,37.40607151247726,40.88022261369203,0.9150163360399323,1.0928766630854545,4.3885753345479275,4804.024621625541,True
132282-3-1in4-a_Export.xls,16,160,170,108,97.16981132075472,92.7196261682243,50.0,165.5,715.3524714645314,362.5377643504532,1200.0,233.7802994543491,29.047876677677717,36.315312015628514,36.48672419152221,64,60.37735849056604,19,17.92452830188679,2,1.8867924528301887,,,,,25.800010099108604,31.901997137854046,0.8087271147201944,1.2365110329532882,4.119557730352924,2585.7564721163894,True
132282-3-1in4-a_Export.xls,17,170,180,110,94.44444444444444,90.61926605504587,50.0,224.5,753.7512812979835,267.260579064588,1200.0,256.9244119027802,35.75080283238463,49.15423571665914,49.38270732375601,66,61.111111111111114,31,28.703703703703702,6,5.555555555555555,,,,,34.91884722197845,36.834012882375944,0.9480055114680745,1.0548461880262776,4.313428916190725,4040.720455881238,True
132282-3-1in4-a_Export.xls,18,180,190,111,95.41284403669725,89.85,50.0,227.5,758.4311280160601,263.7362637362637,1200.0,262.5019716554309,33.8163923932671,45.87242980826023,46.0819155512947,67,61.46788990825688,32,29.357798165137616,4,3.669724770642202,,,,,32.5848349763863,35.122591539625816,0.9277457484771194,1.0778815226493732,4.262722061611346,3595.439221139743,True
132283-4-1in4-a-s_Export.xls,0,0,10,68,95.45454545454545,148.73134328358208,71.0,311.0,471.36846651179394,192.92604501607718,845.0704225352113,162.32785152316538,67.90787701209236,93.79070833348563,94.50831169278699,44,66.66666666666666,28,42.42424242424242,23,34.84848484848485,,,,,66.82746807646156,69.85957693480894,0.9565970910305274,1.0453721941833582,4.873300941022765,14666.646717816553,True
132283-4-1in4-a-s_Export.xls,1,10,20,72,92.85714285714286,136.6267605633803,87.5,366.0,486.6669923408934,163.9344262295082,685.7142857142857,131.7315442644439,54.54995864276677,73.9434629584368,74.47734520134405,47,67.14285714285714,24,34.285714285714285,8,11.428571428571429,,,,,52.66343583664175,56.737435106312866,0.9281955685512153,1.077359162100786,4.6794988713582555,9387.042008276432,True
132283-4-1in4-a-s_Export.xls,2,20,30,69,98.50746268656717,144.3014705882353,88.0,320.5,480.2426676757486,187.20748829953197,681.8181818181819,150.50671043704668,66.14096996758403,96.09461677500113,96.79967260748056,48,71.64179104477611,28,41.7910447761194,19,28.35820895522388,,,,,68.4477049173872,62.86011585684484,1.0888892580673462,0.918367035574293,4.837854050405043,13517.112876468336,True
132283-4-1in4-a-s_Export.xls,3,30,40,70,94.11764705882352,144.1159420289855,87.5,318.0,471.61788480007914,188.67924528301887,685.7142857142857,140.64245203486132,60.89287513424077,88.73746804644652,89.34663214711345,42,61.76470588235294,28,41.17647058823529,19,27.941176470588236,,,,,63.177609467403904,55.357068837114646,1.1412744712567928,0.8762134133244751,4.7478562576930665,10987.177678270675,True
132283-4-1in4-a-s_Export.xls,4,40,50,70,82.35294117647058,143.3913043478261,86.5,334.5,477.8571237968786,179.37219730941703,693.6416184971098,147.35103309499192,62.50816826418964,87.30874055024839,87.92139342788116,36,52.94117647058824,26,38.23529411764706,14,20.588235294117645,,,,,62.16981350422512,59.21856697249335,1.0498365070722262,0.9525292683798834,4.770157440945357,11566.110336081843,True
132283-4-1in4-a-s_Export.xls,5,50,60,67,92.3076923076923,149.3560606060606,88.0,305.0,461.85055193001153,196.72131147540983,681.8181818181819,148.33731599073081,64.62976006284478,86.83239824291037,87.50767686103536,46,70.76923076923077,31,47.69230769230769,17,26.153846153846157,,,,,61.877271714319235,68.17139475249131,0.9076720806281867,1.1017194660299725,4.829253318778406,13252.054363804513,True
132283-4-1in4-a-s_Export.xls,6,60,70,66,82.8125,152.2076923076923,92.5,304.5,440.03967941423235,197.04433497536945,648.6486486486486,132.0380554459275,56.921470871313986,79.00538945223927,79.60028490616637,42,65.625,24,37.5,17,26.5625,,,,,56.28590124153141,55.18750393230136,1.0199030075826125,0.9804853918121226,4.69636035886234,9758.661389192888,True
132283-4-1in4-a-s_Export.xls,7,70,80,68,71.21212121212122,145.23880597014926,88.0,319.5,451.79448763421385,187.79342723004694,681.8181818181819,126.52274589436928,48.45611558871213,57.62969562805115,58.02792310724088,31,46.96969696969697,16,24.242424242424242,9,13.636363636363635,,,,,41.031937927301584,53.36267476687294,0.7689258101577365,1.3005155852355392,4.544479601880078,6878.749463046406,False
132283-4-1in4-a-s_Export.xls,8,80,90,56,0.0,176.16363636363636,172.0,181.5,340.633291058743,330.57851239669424,348.83720930232556,3.7681201105113673,1.9461608585988182,1.61446012074671,1.6199155795829427,0,0.0,0,0.0,0,0.0,,,,,1.145453291272835,2.350648913484403,0.4872923747574503,2.052156060307223,1.63428513602529,8.458922111589558,False
132283-4-1in4-a-s_Export.xls,9,90,100,58,1.7857142857142856,173.07894736842104,170.5,177.0,346.6768763314961,338.9830508474576,351.90615835777123,2.2414656109991062,1.1211819086037962,1.7903511227848974,1.8065537256434872,0,0.0,0,0.0,0,0.0,,,,,1.2774263899803313,0.9599107101332794,1.3307762654330277,0.7514411144645754,1.292686703844488,3.8522688938445357,False
132283-4-1in4-a-s_Export.xls,10,100,110,57,0.0,174.07142857142858,172.0,178.5,344.709345843495,336.1344537815126,348.83720930232556,2.8480508778497424,1.4473441867106784,1.5565112504338903,1.5695438870793046,0,0.0,0,0.0,0,0.0,,,,,1.1098351259236692,1.693396761716694,0.6553898950406432,1.525809304609413,1.478137173566747,5.904281613149234,False
132283-4-1in4-a-s_Export.xls,11,110,120,57,0.0,176.66964285714286,174.0,180.0,339.63527391550025,333.3333333333333,344.82758620689657,2.5169832509549614,1.3117538076743105,1.6528212794546728,1.6674240703261514,0,0.0,0,0.0,0,0.0,,,,,1.1790468672412961,1.4315763250385116,0.8236004232673922,1.2141810175774246,1.4314655588981076,5.302680358092558,False
132283-4-1in4-a-s_Export.xls,12,120,130,56,0.0,180.1818181818182,176.5,183.0,333.02025836970427,327.8688524590164,339.94334277620396,2.812471639462113,1.5195139219245606,1.415849437486073,1.4276458267262344,0,0.0,0,0.0,0,0.0,,,,,1.0094980452107951,1.8773192039264794,0.5377338297607537,1.8596561061537005,1.4817635877336737,5.953789526682234,False
132283-4-1in4-a-s_Export.xls,13,130,140,55,0.0,181.13888888888889,179.5,184.0,331.2469062600875,326.0869565217391,334.26183844011143,1.7760136350016076,0.9733072711251867,1.4471833410599741,1.460535520213567,0,0.0,0,0.0,0,0.0,,,,,1.032754570506835,0.9080553872738334,1.1373255254917587,0.879255743044735,1.1762294476298873,2.9461804115594608,False
132283-4-1in4-a-s_Export.xls,14,140,150,55,0.0,182.69444444444446,180.0,184.5,328.42866256451174,325.2032520325203,333.3333333333333,1.9596302711158258,1.087738985524069,1.2514142942483344,1.2628152942310988,0,0.0,0,0.0,0,0.0,,,,,0.892945257936895,1.2536593750845235,0.7122710328526769,1.403959944847056,1.2531243706607555,3.516853364094044,False
132283-4-1in4-a-s_Export.xls,15,150,160,54,0.0,185.06603773584905,183.0,188.0,324.22206873060287,319.1489361702128,327.8688524590164,2.1090529021567037,1.205108261371377,1.3498575423411852,1.360223287055683,0,0.0,0,0.0,0,0.0,,,,,0.9618231102049293,1.353780110740019,0.7104721827233571,1.4075146421170708,1.3187633198365436,4.0906583589229575,False
132283-4-1in4-a-s_Export.xls,16,160,170,53,0.0,186.82692307692307,184.5,190.0,321.16106097012226,315.7894736842105,325.2032520325203,1.637844301954787,0.9542711795726078,1.4669562993878602,1.481520152000746,0,0.0,0,0.0,0,0.0,,,,,1.0475929459442521,0.8662517860661283,1.2093400126788085,0.8268973072220611,1.1619566911236066,2.8509301780545733,False
132283-4-1in4-a-s_Export.xls,17,170,180,53,0.0,189.8846153846154,187.0,193.0,316.00131329639396,310.88082901554407,320.85561497326205,2.5358266101244493,1.5230753995452257,1.5146344928922038,1.5276535897238215,0,0.0,0,0.0,0,0.0,,,,,1.0802142125976861,1.8428983992081305,0.5861496287922547,1.706049020384902,1.503131262538698,6.254047171028521,False
132283-4-1in4-a-s_Export.xls,18,180,190,53,0.0,188.56730769230768,185.5,192.5,318.21228581087837,311.68831168831167,323.45013477088946,2.758382050474379,1.6390720897000797,1.8497482605616853,1.8680492079003848,0,0.0,0,0.0,0,0.0,,,,,1.3209102624965205,1.9209627896489025,0.6876292813240518,1.4542719851523318,1.608512249360109,7.97153834316062,False
132283-4-1in4-a-s_Export.xls,19,190,200,52,0.0,190.3921568627451,187.0,196.5,315.1732087423087,305.3435114503817,320.85561497326205,3.301193540249148,2.010755394099929,1.68967452487158,1.6981682808850487,0,0.0,0,0.0,0,0.0,,,,,1.2007863070097196,2.454951265154908,0.48912836847453656,2.044453081138472,1.673628584586461,9.261012590328763,False
132383-2-1in10-a_Export.xls,0,0,10,127,88.8,78.12380952380954,52.0,153.2,844.2854808052277,391.644908616188,1153.8461538461538,252.36492696498138,24.678811733376236,43.7036309704354,43.87913910997181,110,88.0,8,6.4,0,0.0,,,,,31.027236817288916,16.127967133863077,1.9238157270386915,0.5198003041275108,3.9034427128831646,1572.0726165410074,True
132383-2-1in10-a_Export.xls,1,10,20,121,92.43697478991596,82.825,52.8,154.79999999999998,815.6797947137943,387.59689922480624,1136.3636363636365,268.88743996951297,29.797778525286358,50.0455053430577,50.25553672637931,110,92.43697478991596,18,15.126050420168067,5,4.201680672268908,,,,,35.53603081139239,22.758641213683596,1.5614302487455365,0.6404384703084923,4.111935229709319,2540.7686361582732,True
132383-2-1in10-a_Export.xls,2,20,30,78,44.73684210526316,127.13246753246754,52.6,158.79999999999998,553.0791890329554,377.8337531486147,1140.6844106463877,268.3097126309272,40.271220106065435,42.98879903073897,43.26817525010368,33,43.42105263157895,15,19.736842105263158,5,6.578947368421052,,,,,30.59522012891625,48.26837401264477,0.6338564485495467,1.5776442793763465,4.37343623414727,4639.445999892822,False
132383-2-1in10-a_Export.xls,3,30,40,64,0.0,156.33015873015876,154.20000000000002,158.4,383.8143971951094,378.78787878787875,389.10505836575874,2.099153646600898,0.8547089526576858,0.976498022064959,0.9843836169072139,0,0.0,0,0.0,0,0.0,,,,,0.6960643308040315,0.9900616671230605,0.7030514905467132,1.422370926519722,1.0424316079218754,2.16501793281666,False
132383-2-1in10-a_Export.xls,4,40,50,66,14.0625,150.7046153846154,69.6,160.0,415.57269623461156,375.0,862.0689655172414,116.46329733458302,23.09748654324502,24.679368914135548,24.874465775550792,7,10.9375,6,9.375,0,0.0,,,,,17.58890342828466,27.79649651042319,0.6327741131580785,1.5803427782611923,3.893348807668641,1535.9557273825628,False
132383-2-1in10-a_Export.xls,5,50,60,67,18.461538461538463,149.25151515151515,67.8,161.8,424.5886340977465,370.82818294190355,884.9557522123894,131.85136264522396,26.19139754502049,28.41623587913187,28.6373757258157,12,18.461538461538463,8,12.307692307692308,0,0.0,,,,,20.24968257111131,31.32075881412051,0.6465259252270107,1.5467283847107542,4.006370477620123,1992.5093482835541,False
132383-2-1in10-a_Export.xls,6,60,70,64,0.0,157.9238095238095,155.79999999999998,160.20000000000002,379.944736564911,374.5318352059925,385.10911424903725,2.3786125022286426,0.9912055686196876,1.255182803804991,1.2653624985656584,0,0.0,0,0.0,0,0.0,,,,,0.8947464033949301,1.0872658424520125,0.8229325050597462,1.215166485527751,1.1921556884403643,3.0562267912294465,False
132383-2-1in10-a_Export.xls,7,70,80,67,15.384615384615385,148.08484848484846,67.8,159.8,427.96624004899576,375.4693366708385,884.9557522123894,133.16138576278885,25.976748434079646,23.602646526966485,23.78631757641678,10,15.384615384615385,6,9.230769230769232,0,0.0,,,,,16.81946645774107,32.928986383288034,0.5107799633418781,1.957790187103863,3.9475105602812097,1739.964751334604,False
132383-2-1in10-a_Export.xls,8,80,90,63,4.918032786885246,158.7161290322581,128.6,185.0,378.4587124921311,324.3243243243243,466.56298600311044,13.407887932000857,5.189718509956579,8.903673951581197,8.977559150794326,3,4.918032786885246,1,1.639344262295082,0,0.0,,,,,6.348092954030008,3.800030198326945,1.6705375017348307,0.5986097282829709,2.58655030799461,75.7844665659302,False
132383-2-1in10-a_Export.xls,9,90,100,68,21.21212121212121,148.0029850746269,67.8,163.39999999999998,432.82731028992754,367.19706242350065,884.9557522123894,143.8970127212158,28.90076003063343,28.753666432880056,28.973993965974493,12,18.181818181818183,8,12.121212121212121,0,0.0,,,,,20.487707611398672,35.6556671708524,0.5745989133572251,1.740344398072861,4.0677419173223335,2294.9424928133753,False
132383-2-1in10-a_Export.xls,10,100,110,66,15.625,151.29538461538462,50.0,164.39999999999998,426.0492868011843,364.9635036496351,1200.0,169.35276141370193,27.71926468388699,29.497129097591852,29.730311445573413,10,15.625,6,9.375,2,3.125,,,,,21.02250482995299,33.416494403427265,0.6291056319718826,1.5895581746193843,4.05076533136229,2206.9638597103685,False
132383-2-1in10-a_Export.xls,11,110,120,62,0.0,161.4032786885246,158.4,164.20000000000002,371.75742609255343,365.4080389768574,378.78787878787875,2.591072663685988,1.1251617977154476,1.591854264686316,1.605284352726132,0,0.0,0,0.0,0,0.0,,,,,1.1351074515453057,1.1266544645479777,1.0075027324377748,0.9925531393650704,1.310947699317133,4.017700780071845,False
132383-2-1in10-a_Export.xls,12,120,130,64,14.516129032258066,154.1174603174603,50.0,165.39999999999998,413.80908133912885,362.75695284159616,1200.0,159.87937052211208,24.861854053838535,28.797558140208864,29.032643419500225,9,14.516129032258066,6,9.67741935483871,2,3.225806451612903,,,,,20.529179037699603,28.864783327648396,0.7112188858190922,1.4060369036015208,3.976859866760903,1861.6145163507522,False
132383-2-1in10-a_Export.xls,13,130,140,65,12.698412698412698,154.253125,50.0,165.0,410.04822078929953,363.6363636363636,1200.0,139.6401074941112,24.462896872870523,25.678339955245217,25.860212664986747,7,11.11111111111111,5,7.936507936507936,1,1.5873015873015872,,,,,18.285931738338366,28.581535795475716,0.6397812863937465,1.5630341513061399,3.922322638252093,1641.9220238455725,False
132383-2-1in10-a_Export.xls,14,140,150,63,4.918032786885246,160.45483870967743,50.0,165.6,383.9210894007219,362.3188405797102,1200.0,107.24533014759862,15.58200598861702,17.883631127237052,18.03203463905401,3,4.918032786885246,2,3.278688524590164,1,1.639344262295082,,,,,12.750573971865808,18.19191797973542,0.7008922306086195,1.4267528677435193,3.5695282070783962,728.7156508761431,False
132383-2-1in10-a_Export.xls,15,150,160,62,5.0,160.53770491803277,50.0,165.6,383.8319714239875,362.3188405797102,1200.0,107.97487545330334,15.63634829421953,17.85157322665615,18.002220829727086,3,5.0,2,3.3333333333333335,1,1.6666666666666667,,,,,12.729492425117735,18.302817541119257,0.6954935979949292,1.4378277569814395,3.5714490199245064,731.9457778746613,False
132383-2-1in10-a_Export.xls,16,160,170,63,9.836065573770492,157.52903225806452,50.4,165.6,396.7515548850517,362.3188405797102,1190.4761904761906,125.4807724595934,20.968019263511945,23.206005440932532,23.398578257682118,6,9.836065573770492,5,8.19672131147541,1,1.639344262295082,,,,,16.545293356131136,24.878050984050724,0.6650558505060664,1.5036331147813553,3.81861080798295,1293.1255657646827,False
132383-2-1in10-a_Export.xls,17,170,180,63,4.918032786885246,160.32258064516128,70.8,165.20000000000002,380.47794218629423,363.1961259079903,847.4576271186442,69.99321345194473,14.632161067094286,15.075025487295962,15.20011863629284,3,4.918032786885246,2,3.278688524590164,0,0.0,,,,,10.748106962562685,17.87894661998959,0.6011599671395486,1.6634507529804756,3.4877938901694536,603.7036202470997,False
132384-3-1in10-s-a_Export.xls,0,0,10,73,66.19718309859155,135.90833333333333,22.2,247.0,562.263266968713,242.914979757085,2702.702702702703,456.1193477045918,47.339301928125785,45.146054059940816,45.46078558666734,28,39.436619718309856,11,15.492957746478872,6,8.450704225352112,,,,,32.14562976640014,59.065736253729796,0.5442348103189902,1.8374421867904294,4.482577542927466,5964.958588800892,False
132384-3-1in10-s-a_Export.xls,1,10,20,79,71.42857142857143,126.28205128205128,18.8,290.6,608.2158300838431,206.4693737095664,3191.4893617021276,489.94600344338187,47.158604298409415,53.435874908835615,53.78300353813506,38,49.35064935064935,22,28.57142857142857,7,9.090909090909092,,,,,38.030326514395384,55.19326765338661,0.6890392276323555,1.4512961815485503,4.526136143503626,6594.259497937009,False
132384-3-1in10-s-a_Export.xls,2,20,30,72,57.14285714285714,139.73239436619716,45.8,245.4,488.35980146312284,244.49877750611248,1310.043668122271,223.82717024824333,41.90934357003012,51.060401207085825,51.42758393346856,30,42.857142857142854,18,25.71428571428571,9,12.857142857142856,,,,,36.364793339395966,47.06882868247703,0.772587598996998,1.2943516065987044,4.4375344974142115,5377.301497878745,False
132384-3-1in10-s-a_Export.xls,3,30,40,76,60.810810810810814,131.50666666666663,23.8,319.79999999999995,558.8004396169363,187.61726078799254,2521.0084033613443,361.1362569274125,47.88609608433536,62.06591962082233,62.477477082063736,34,45.94594594594595,25,33.78378378378378,9,12.162162162162163,,,,,44.17824771615438,51.32775028099139,0.8607088265958007,1.1618330951189513,4.559680698048099,7123.781462814088,False
132384-3-1in10-s-a_Export.xls,4,40,50,75,63.013698630136986,132.90540540540542,21.2,275.6,573.4117184180046,217.70682148040638,2830.1886792452833,451.6953397244022,45.488908453590625,54.4860268627441,54.83651570895926,31,42.465753424657535,22,30.136986301369863,5,6.8493150684931505,,,,,38.77527211444772,48.997309978035666,0.7913755292245587,1.2636225951791373,4.482847074212947,5968.661702757461,False
132384-3-1in10-s-a_Export.xls,5,50,60,77,57.333333333333336,130.84736842105266,22.0,275.6,549.3576576228216,217.70682148040638,2727.2727272727275,370.6760473927671,41.88059048830524,58.03082399323082,58.42014548251484,28,37.333333333333336,18,24.0,9,12.0,,,,,41.30928102859089,42.47598605083808,0.9725325971043779,1.0282431694088234,4.44831108848381,5512.403230000367,False
132384-3-1in10-s-a_Export.xls,6,60,70,71,46.3768115942029,140.72571428571428,50.4,209.60000000000002,459.49853736919744,286.2595419847328,1190.4761904761906,160.60343842311178,31.769024589927927,38.94527561532494,39.21595552763491,23,33.33333333333333,11,15.942028985507244,3,4.3478260869565215,,,,,27.72986808430072,35.196470241723894,0.7878593476520881,1.2692620871734472,4.193566897675497,3066.1739367795985,False
132384-3-1in10-s-a_Export.xls,7,70,80,72,60.0,137.3633802816901,50.4,312.8,500.06054646315835,191.8158567774936,1190.4761904761906,231.4196315685709,43.81287886141184,59.77894039112532,60.19742818633075,30,42.857142857142854,24,34.285714285714285,9,12.857142857142856,,,,,42.56600968054468,44.94866457643618,0.9469916421690406,1.055975528685286,4.485899715506598,6010.763015960541,False
132384-3-1in10-s-a_Export.xls,8,80,90,76,79.72972972972973,130.59466666666668,20.8,282.2,585.370932965642,212.61516654854714,2884.6153846153843,429.51728692989224,51.452890795087214,62.46566624522194,62.86410588690214,41,55.4054054054054,25,33.78378378378378,8,10.81081081081081,,,,,44.451635565857664,56.73860355749163,0.7834460627994849,1.276412056276987,4.605886370605081,7923.485374868408,True
132384-3-1in10-s-a_Export.xls,9,90,100,76,79.72972972972973,131.9573333333333,20.8,225.20000000000002,546.803195722707,266.4298401420959,2884.6153846153843,374.3358317665853,43.119322731146795,57.2208287535513,57.60077292099378,40,54.054054054054056,28,37.83783783783784,6,8.108108108108109,,,,,40.729897134021165,45.343407971029805,0.8982539900848158,1.1132708688614643,4.470547454116626,5801.994919189053,True
132384-3-1in10-s-a_Export.xls,10,100,110,75,67.12328767123287,132.2702702702703,19.0,247.20000000000002,549.3882341088196,242.71844660194174,3157.8947368421054,384.903531563347,44.0180838607869,54.61963619005757,54.96684167213391,35,47.94520547945205,23,31.506849315068493,8,10.95890410958904,,,,,38.86742648677319,47.81814652395366,0.812817503650068,1.2302884663646678,4.473298506919871,5838.86450099256,False
132384-3-1in10-s-a_Export.xls,11,110,120,75,69.86301369863014,134.1324324324324,19.599999999999998,363.0,565.5468529865335,165.28925619834712,3061.2244897959185,432.6110548792165,49.7861099298532,68.31663589292162,68.78942013623056,41,56.16438356164384,28,38.35616438356164,9,12.32876712328767,,,,,48.641465452219066,51.41314127623803,0.946090128803315,1.0569817499997323,4.602200772889624,7856.52800533576,False
132384-3-1in10-s-a_Export.xls,12,120,130,73,69.01408450704226,135.90555555555554,21.0,221.4,580.3010189803304,271.00271002710025,2857.1428571428573,511.63134168862996,46.14631930720482,60.29630591538965,60.68606143352757,38,53.52112676056338,20,28.169014084507044,9,12.676056338028168,,,,,42.91152556315076,47.589550871096435,0.9017005787548443,1.1090155907195902,4.514205543364061,6415.572740222074,False
132384-3-1in10-s-a_Export.xls,13,130,140,72,75.71428571428571,136.65070422535211,22.2,315.8,504.80891118021805,189.99366687777072,2702.702702702703,302.62642057625874,44.03794102245224,50.306369945990504,50.666616187181994,37,52.85714285714286,18,25.71428571428571,8,11.428571428571429,,,,,35.82670788573248,51.31317819750379,0.6981970157419587,1.4322604901674092,4.468555799856166,5775.448158430843,True
132384-3-1in10-s-a_Export.xls,14,140,150,72,82.85714285714286,139.6281690140845,16.8,319.0,533.9138830639411,188.08777429467085,3571.428571428571,431.53683077340725,50.06423640284148,66.04225487194867,66.51909646572912,43,61.42857142857143,31,44.285714285714285,11,15.714285714285714,,,,,47.03610418931917,53.44075398359761,0.8801542022359153,1.136164546462009,4.60442390322842,7896.848264640148,True
132384-3-1in10-s-a_Export.xls,15,150,160,70,55.88235294117647,142.64347826086956,20.2,283.8,492.7359485949484,211.4164904862579,2970.2970297029706,350.070367065598,40.976533737439894,43.0047466600388,43.296232198236986,25,36.76470588235294,11,16.176470588235293,4,5.88235294117647,,,,,30.61505938720071,48.41573003516085,0.632337039325178,1.5814351173658705,4.375041573609687,4656.627125446182,False
132384-3-1in10-s-a_Export.xls,16,160,170,77,76.0,128.3763157894737,18.8,241.0,561.0552942823102,248.96265560165975,3191.4893617021276,378.2380136726396,43.33060463743397,52.94194052607693,53.2881711938887,42,56.00000000000001,23,30.666666666666664,7,9.333333333333334,,,,,37.68042720822834,48.28366459442227,0.7803970043438083,1.2813990756420746,4.4640360250986015,5715.6537954531395,True
132384-3-1in10-s-a_Export.xls,17,170,180,76,78.37837837837837,132.464,21.6,227.0,568.4565245437842,264.3171806167401,2777.7777777777774,409.24190663171163,45.69442759805087,66.0158580457265,66.46371339366155,41,55.4054054054054,31,41.891891891891895,12,16.216216216216218,,,,,46.99694244349725,44.8317300249581,1.0482964279391798,0.9539286535258691,4.527775085216459,6619.191948090539,True
132384-3-1in10-s-a_Export.xls,18,180,190,72,75.71428571428571,139.3098591549295,51.2,308.40000000000003,488.72442915321204,194.55252918287937,1171.875,208.83689807077766,47.38556487530045,65.02742718049274,65.48004491120558,35,50.0,23,32.857142857142854,11,15.714285714285714,,,,,46.301383789113146,46.68408434197742,0.9918023335306129,1.0082654236557451,4.5388827984442015,6790.670977505116,True
132384-3-1in10-s-a_Export.xls,19,190,200,77,81.33333333333333,128.1236842105263,50.2,247.4,543.1705098617882,242.5222312045271,1195.219123505976,242.7198609953506,45.8627862750649,55.32954364532569,55.6648558156129,44,58.666666666666664,28,37.333333333333336,9,12.0,,,,,39.360997020991306,50.56259344471815,0.7784608015414806,1.2845861962732552,4.503015414886949,6252.379132208343,True
132385-4-1in10-s-a_Export.xls,0,0,10,24,77.27272727272727,397.41739130434786,105.39999999999999,1030.4,282.72601273503767,58.22981366459627,569.2599620493359,203.70223315615868,306.0822760040092,349.5963256515877,357.007624180414,16,72.72727272727273,16,72.72727272727273,14,63.63636363636363,,,,,252.44251199326916,354.61647016049733,0.7118747526842596,1.4047414889056105,6.156041378276357,281236.2305009073,True
132385-4-1in10-s-a_Export.xls,1,10,20,26,100.0,379.28,60.199999999999996,805.4,252.25130631593152,74.49714427613608,996.6777408637874,242.42327846572124,191.81146124949538,206.03055598624198,209.9800045691031,22,91.66666666666666,22,91.66666666666666,20,83.33333333333334,,,,,148.47828514439504,224.7385134334786,0.6606712969485927,1.5136119952821419,5.727460429490599,104831.14263449707,True
132385-4-1in10-s-a_Export.xls,2,20,30,27,72.0,377.3153846153846,138.6,807.6,203.556234982719,74.29420505200594,432.9004329004329,117.94061623965791,167.54571123680296,213.86902534027692,218.27661868983282,18,72.0,18,72.0,17,68.0,,,,,154.34487725005107,183.87401973452728,0.839405574930544,1.1913192262068837,5.657132572796822,89158.44036654454,False
132385-4-1in10-s-a_Export.xls,3,30,40,38,91.66666666666666,265.7081081081081,53.400000000000006,844.8,398.1987125579523,71.02272727272728,1123.5955056179773,325.79425886918955,182.61696157436924,236.7933463779945,240.12117866703147,30,83.33333333333334,26,72.22222222222221,24,66.66666666666666,,,,,169.79131374196447,198.46394642792436,0.8555272471296299,1.1688698441283887,5.731717074296335,105863.67454184372,True
132385-4-1in10-s-a_Export.xls,4,40,50,33,80.64516129032258,305.74375,145.8,766.2,239.8496073438701,78.3085356303837,411.5226337448559,105.62087469563679,149.9290605102422,159.12329161842987,161.41798916417727,25,80.64516129032258,24,77.41935483870968,23,74.19354838709677,,,,,114.13975474348639,173.64173498624186,0.6573290387390451,1.521308113693411,5.501211034238309,62264.56011837301,True
132385-4-1in10-s-a_Export.xls,5,50,60,41,76.92307692307693,240.75,150.0,517.0,282.05756910253365,116.0541586073501,400.0,97.37545685421169,86.48406107782417,129.99279269961914,131.63492208586067,28,71.7948717948718,26,66.66666666666666,25,64.1025641025641,,,,,93.0799460478749,79.90131987444771,1.1649362763235365,0.8584160527268798,5.075530058939451,23364.68600530169,True
132385-4-1in10-s-a_Export.xls,6,60,70,58,26.785714285714285,172.5298245614035,151.60000000000002,313.8,363.4044327990729,191.20458891013385,395.7783641160949,58.55958080417502,46.944534007517404,61.247046576024516,61.740770907138774,9,16.071428571428573,9,16.071428571428573,9,16.071428571428573,,,,,43.65731778412294,47.174888694904446,0.9254355228365074,1.0805723092787152,4.5178879168459565,6470.201512983826,False
132385-4-1in10-s-a_Export.xls,7,70,80,61,32.20338983050847,162.49000000000004,145.2,461.4,383.3679115776862,130.03901170351105,413.2231404958678,49.62428009157458,48.24390608746634,56.72821914583276,57.21510674209268,5,8.47457627118644,5,8.47457627118644,5,8.47457627118644,,,,,40.45718996364588,55.62290565012924,0.7273476545458368,1.3748583552172309,4.556369369290486,7069.671907450247,False
132385-4-1in10-s-a_Export.xls,8,80,90,69,17.91044776119403,145.25588235294123,138.2,156.20000000000002,413.45178218171355,384.1229193341869,434.15340086830685,12.64387654998684,4.521503591972614,3.4320699989382435,3.455439670977462,0,0.0,0,0.0,0,0.0,,,,,2.443364823329176,5.891558096707078,0.4147230296676233,2.4112478171309717,2.3623384644049437,45.22393564547514,False
132385-4-1in10-s-a_Export.xls,9,90,100,65,20.634920634920633,152.059375,144.2,161.0,394.8126585419408,372.67080745341616,416.08876560332874,9.584789878951169,3.707851761133351,3.4426826011213265,3.464095702687558,0,0.0,0,0.0,0,0.0,,,,,2.44948556204955,4.533789621927059,0.5402733179772933,1.8509150215743733,2.2496562306168375,34.888807110025425,False
132385-4-1in10-s-a_Export.xls,10,100,110,62,8.333333333333332,161.73770491803282,154.79999999999998,170.6,371.1374379383493,351.69988276670574,387.59689922480624,7.9109590960496226,3.460547352391244,3.0863138747271543,3.107061394384505,0,0.0,0,0.0,0,0.0,,,,,2.197024181532213,4.301073312374256,0.5108083545591608,1.9576813712513035,2.1795316648872562,29.686674790782213,False
132385-4-1in10-s-a_Export.xls,11,110,120,61,8.47457627118644,164.92000000000002,161.20000000000002,169.6,363.8797156302601,353.7735849056604,372.20843672456573,4.966670814716928,2.2613030591726817,3.2777627756686907,3.304793465262554,0,0.0,0,0.0,0,0.0,,,,,2.3368418697081403,2.165555770298318,1.0790956768507638,0.926701887008206,1.9083186807847752,15.898222502266952,False
132385-4-1in10-s-a_Export.xls,12,120,130,61,5.084745762711865,163.52666666666667,149.4,317.8,376.3029643089866,188.79798615481434,401.60642570281124,43.907218411970746,35.68941288520162,29.397843804248353,29.649736280184893,2,3.389830508474576,2,3.389830508474576,2,3.389830508474576,,,,,20.96552958411154,46.3676371953172,0.4521586790329033,2.211612972107145,4.191840785362518,3054.0115515057378,False
132385-4-1in10-s-a_Export.xls,13,130,140,61,33.89830508474576,165.42666666666668,64.4,558.2,416.3983621369117,107.48835542816194,931.6770186335403,169.13793425593528,72.18194024252287,94.18639291410142,94.99481163352101,17,28.8135593220339,14,23.728813559322035,7,11.864406779661017,,,,,67.17147548360143,78.0117159898267,0.8610434295838472,1.1613816047389296,4.923464701732951,16462.45465658794,False
132385-4-1in10-s-a_Export.xls,14,140,150,61,16.94915254237288,162.82999999999998,52.8,460.2,409.47637460530166,130.3780964797914,1136.3636363636365,183.43557815310572,49.57205096915131,69.55683446174777,70.15385946376854,4,6.779661016949152,4,6.779661016949152,3,5.084745762711865,,,,,49.60626975323878,50.379200758670315,0.984657735855436,1.0155813168229824,4.601907826589561,7851.2302987164785,False
132385-4-1in10-s-a_Export.xls,15,150,160,60,17.24137931034483,165.6949152542373,87.0,182.79999999999998,367.56802639355897,328.2275711159738,689.6551724137931,59.469675094621365,15.701190639333513,19.450148479177965,19.619952620606544,6,10.344827586206897,4,6.896551724137931,0,0.0,,,,,13.87340154458966,17.58258862817172,0.7890420368682793,1.2673595997103224,3.5913857543394623,766.3296768957966,False
132385-4-1in10-s-a_Export.xls,16,160,170,60,5.172413793103448,167.86101694915254,164.0,170.4,357.47491513565564,352.112676056338,365.8536585365854,3.6484433118782817,1.701623661658083,2.5243640373574165,2.544804797613212,0,0.0,0,0.0,0,0.0,,,,,1.7994487291883616,1.5510510067855041,1.16014800371888,0.8619589886759947,1.6498855396360532,8.768300590748765,False
132385-4-1in10-s-a_Export.xls,17,170,180,59,8.771929824561402,168.95862068965522,164.8,172.8,355.167125556025,347.2222222222222,364.0776699029126,4.285894832224788,2.029521980081664,3.130270993257303,3.1580465711200967,0,0.0,0,0.0,0,0.0,,,,,2.233076145741945,1.7330380990132825,1.288532633537233,0.7760765804237618,1.7918316253272766,12.157982540115023,False
132385-4-1in10-s-a_Export.xls,18,180,190,59,1.7543859649122806,169.2551724137931,163.8,172.4,354.5465768536907,348.0278422273782,366.30036630036625,4.35703578068164,2.0651810518134988,2.609832958289752,2.6295934865986235,0,0.0,0,0.0,0,0.0,,,,,1.8594033861378636,2.1448925170680284,0.8668981645194904,1.1535380289497856,1.8048991342582605,12.529363938245,False
132385-4-1in10-s-a_Export.xls,19,190,200,63,8.19672131147541,159.78709677419354,76.2,257.6,382.10791456319146,232.91925465838509,787.4015748031496,59.873361119121135,20.692720537338317,27.39241249497901,27.6191408246294,5,8.19672131147541,4,6.557377049180328,2,3.278688524590164,,,,,19.529681767641662,22.093877944420512,0.8839408734297638,1.1312973865773592,3.839087099716999,1355.554520912716,False
132385-4-1in10-s-a_Export.xls,20,200,210,64,6.451612903225806,154.96190476190478,150.60000000000002,157.4,387.2378943731494,381.1944091486658,398.406374501992,4.277123208418502,1.6920524444160638,2.4750366566200404,2.4949849222050773,0,0.0,0,0.0,0,0.0,,,,,1.7642207574494007,1.6319797828508953,1.0810310127540272,0.9250428416964717,1.6633876846073763,9.045187515730799,False
132386-5-1in10-a-s_Export.xls,0,0,10,95,39.784946236559136,105.33510638297872,51.5,134.5,640.8154771807108,446.09665427509293,1165.0485436893205,247.46589794933664,31.190309728444557,19.721106536164566,19.817559954796273,23,24.731182795698924,4,4.301075268817205,0,0.0,,,,,14.013131030607413,41.823325994493814,0.3350553954616687,2.984581097767766,3.9720737326450086,1841.2112621543065,False
132386-5-1in10-a-s_Export.xls,1,10,20,87,31.76470588235294,114.78488372093024,50.5,133.5,574.76878485412,449.438202247191,1188.118811881188,226.11660882448382,27.193266975666045,30.93822117400683,31.121705837400558,27,31.76470588235294,18,21.176470588235293,0,0.0,,,,,22.00636923971889,31.731601012257805,0.6935158812572334,1.4419280466759608,4.048160363169513,2193.7657570584824,False
132386-5-1in10-a-s_Export.xls,2,20,30,74,5.555555555555555,135.0,53.0,144.5,457.97709249153417,415.2249134948097,1132.0754716981132,112.8722961971735,16.717007307928455,13.522871572101671,13.559467354198596,4,5.555555555555555,3,4.166666666666666,0,0.0,,,,,9.587991315431442,19.440310313925583,0.49320155700206714,2.0275686193663187,3.474550807670327,585.5725334009513,False
132386-5-1in10-a-s_Export.xls,3,30,40,70,27.941176470588236,143.3840579710145,50.0,186.5,436.75809231465433,321.71581769436995,1200.0,138.01165717552527,20.3695896691786,24.76373653265645,24.947816477019128,11,16.176470588235293,5,7.352941176470589,0,0.0,,,,,17.64077020669771,23.038095431017602,0.7657217264126295,1.3059574588342338,3.813084098354198,1276.77387708874,False
132386-5-1in10-a-s_Export.xls,4,40,50,65,1.5873015873015872,153.1640625,148.5,156.5,391.810606814867,383.38658146964855,404.04040404040404,5.432936737279773,2.1139271501240873,2.7160604056213713,2.73758427076299,0,0.0,0,0.0,0,0.0,,,,,1.9357644019261395,2.267278764376295,0.8537831484778399,1.1712575983525109,1.8464774021039987,13.788191042198966,False
132386-5-1in10-a-s_Export.xls,5,50,60,64,0.0,156.34920634920636,152.5,159.0,383.7983038472101,377.35849056603774,393.44262295081967,4.051991609817859,1.6452152536755724,2.281588297938592,2.2998545697014925,0,0.0,0,0.0,0,0.0,,,,,1.6262427619787947,1.6629000713442084,0.9779557954220414,1.0225411053149343,1.6361715112329043,8.49574368342459,False
132386-5-1in10-a-s_Export.xls,6,60,70,63,0.0,158.3548387096774,155.5,160.0,378.91884291459854,375.0,385.85209003215436,2.9789203178000214,1.2393384564454284,2.039567617308573,2.056344307884335,0,0.0,0,0.0,0,0.0,,,,,1.454055004559371,0.9946921977707549,1.4618140242962725,0.6840815475699155,1.3643895295593012,4.543802222120168,False
132386-5-1in10-a-s_Export.xls,7,70,80,64,4.838709677419355,157.20634920634922,69.5,161.5,387.8965295440845,371.5170278637771,863.3093525179856,70.62560354590067,14.220792058788915,14.624190079586322,14.743570962188262,3,4.838709677419355,2,3.225806451612903,0,0.0,,,,,10.425279006268392,17.37772972747668,0.5999218062290687,1.666883899896396,3.462200707692418,569.1550553973789,False
132386-5-1in10-a-s_Export.xls,8,80,90,65,15.873015873015872,153.234375,70.0,164.5,409.00906615512383,364.741641337386,857.1428571428571,115.93910677079533,23.644182604432448,24.997698306742574,25.198484987659935,9,14.285714285714285,6,9.523809523809524,0,0.0,,,,,17.818019610401755,28.570409608046067,0.6236529281464624,1.60345595261144,3.9108958820547213,1599.2846618010535,False
132386-5-1in10-a-s_Export.xls,9,90,100,72,41.42857142857143,138.57746478873239,69.5,163.5,479.0531518261909,366.9724770642202,863.3093525179856,179.5885753137817,36.46736778931111,42.14693684853368,42.43193063083556,29,41.42857142857143,19,27.142857142857142,0,0.0,,,,,30.003905887901002,41.51492161086309,0.7227258229978198,1.3836505742275333,4.299501999432052,3913.1985999225744,False
132386-5-1in10-a-s_Export.xls,10,100,110,73,46.478873239436616,138.00694444444446,70.5,166.5,483.80561109938145,360.36036036036035,851.063829787234,183.40639594214585,37.86144988923668,45.4427747243485,45.766148429295576,33,46.478873239436616,22,30.985915492957744,0,0.0,,,,,32.36155390314496,42.909733410124645,0.7541774635101597,1.3259478682188557,4.3467051659470775,4362.496142892473,False
132386-5-1in10-a-s_Export.xls,11,110,120,65,36.507936507936506,151.7890625,71.0,169.0,422.92097469019745,355.0295857988166,845.0704225352113,142.2764754323386,30.257729523752104,33.352672961110535,33.62052357912897,15,23.809523809523807,10,15.873015873015872,0,0.0,,,,,23.773300209844308,35.94540310816245,0.6613724747586955,1.5120072851003574,4.135852815686236,2684.6192856253565,False
132386-5-1in10-a-s_Export.xls,12,120,130,66,40.625,151.43076923076924,50.5,172.0,442.62525409089045,348.83720930232556,1188.118811881188,214.084755294021,34.65780000175341,41.88348794572868,42.21456142646245,17,26.5625,13,20.3125,4,6.25,,,,,29.850202649467654,39.27476849678671,0.7600351012103321,1.3157287056973175,4.273180900296639,3683.0769307714695,False
132386-5-1in10-a-s_Export.xls,13,130,140,62,40.0,160.47540983606558,51.0,173.0,395.8887501337009,346.8208092485549,1176.4705882352941,141.04280467331023,26.400824833943506,29.381187291644064,29.629075800104896,9,15.0,7,11.666666666666666,1,1.6666666666666667,,,,,20.950920418544403,31.260692521002397,0.6702001372640287,1.4920916072657338,4.020321684614097,2057.5555760713883,False
132386-5-1in10-a-s_Export.xls,14,140,150,64,43.54838709677419,157.61904761904762,51.0,172.5,407.32565409922006,347.82608695652175,1176.4705882352941,151.36246131918966,29.185683947192977,32.88420544489308,33.152648404695704,12,19.35483870967742,8,12.903225806451612,1,1.6129032258064515,,,,,23.442462501253708,34.299434635102635,0.6834649827511234,1.4631327503784337,4.109410174168877,2526.0390743356734,False
132386-5-1in10-a-s_Export.xls,15,150,160,63,39.34426229508197,157.36290322580646,72.0,175.5,410.6904734774158,341.88034188034186,833.3333333333334,145.21579919262706,32.72791075294566,37.556623916427846,37.868302488140834,15,24.59016393442623,10,16.39344262295082,5,8.19672131147541,,,,,26.776933481387797,38.12045457988465,0.702429542787179,1.4236303274376638,4.213038893267588,3206.7771717792652,False
132386-5-1in10-a-s_Export.xls,16,160,170,73,66.19718309859155,137.09027777777777,51.0,178.0,504.3770804764851,337.07865168539325,1176.4705882352941,209.64070941287477,45.43733700700284,60.496245955000276,60.91703877965583,44,61.97183098591549,30,42.25352112676056,15,21.12676056338028,,,,,43.07485121089852,47.848789850327925,0.9002286441441385,1.1108289060838714,4.518214727095292,6475.072226422678,False
132386-5-1in10-a-s_Export.xls,17,170,180,78,77.63157894736842,127.92207792207792,50.0,178.5,546.0253600808827,336.1344537815126,1200.0,221.92477301742323,46.76425091933453,67.48557350707593,67.9339862751191,59,77.63157894736842,40,52.63157894736842,19,25.0,,,,,48.03658236817056,45.80296761242947,1.048765721353281,0.9535017970549649,4.546585701196312,6912.188788100414,True
132386-5-1in10-a-s_Export.xls,18,180,190,79,79.22077922077922,127.53205128205128,50.0,177.5,559.18285913519,338.0281690140845,1200.0,255.90399738418495,47.34896286138994,68.92615566724243,69.37054592427431,59,76.62337662337663,43,55.84415584415584,18,23.376623376623375,,,,,49.05238343766718,45.75344271752465,1.0721025681173268,0.9327465764362984,4.5552038752149215,7050.72482253191,True
132387-6-1in10-a_Export.xls,0,0,10,108,65.09433962264151,93.16822429906541,54.5,177.0,669.8394109892079,338.9830508474576,1100.9174311926606,128.68624296789093,20.03428004710474,27.55654563887081,27.685996018954153,37,34.90566037735849,8,7.547169811320755,1,0.9433962264150944,,,,,19.57695552890624,20.54446561450175,0.9529065343557745,1.0494208654745596,3.8085599861751933,1263.5425638901356,False
132387-6-1in10-a_Export.xls,1,10,20,106,70.1923076923077,94.33809523809524,50.0,218.0,661.155405652621,275.22935779816515,1200.0,127.12979414861329,20.768931960949143,30.24817222704412,30.392772063875018,39,37.5,7,6.730769230769231,2,1.9230769230769231,,,,,21.490935225423087,20.02448906800502,1.0732326379183947,0.9317644326765591,3.837936741559112,1351.9686826007326,False
132387-6-1in10-a_Export.xls,2,20,30,108,86.79245283018868,92.1588785046729,58.0,204.0,692.2234974162446,294.11764705882354,1034.4827586206898,150.18998688974162,27.17488766278712,40.09725794040813,40.28722935443196,50,47.16981132075472,16,15.09433962264151,5,4.716981132075472,,,,,28.487373071736567,26.003988610015757,1.0955001364969181,0.9128250802393334,4.073812352949872,2327.245734551208,True
132387-6-1in10-a_Export.xls,3,30,40,105,90.29126213592234,94.27884615384616,69.0,195.5,669.4757334439718,306.9053708439898,869.5652173913044,139.33394047652288,23.783186004397958,34.93624567889232,35.10702680988037,47,45.63106796116505,10,9.70873786407767,3,2.912621359223301,,,,,24.824416724564333,22.932322067185186,1.0825077657568147,0.9237809017479602,3.9594470682278735,1788.450639352832,True
132387-6-1in10-a_Export.xls,4,40,50,105,88.3495145631068,95.15865384615384,69.0,178.0,671.9675247477965,337.07865168539325,869.5652173913044,153.12509533740135,26.947293433905283,42.08498106293932,42.28915178449668,55,53.398058252427184,21,20.388349514563107,4,3.8834951456310676,,,,,29.90294599744479,23.76098341319717,1.2584894100315853,0.7946034285460553,4.0556983703324345,2232.1751057419665,True
132387-6-1in10-a_Export.xls,5,50,60,106,85.57692307692307,94.66666666666667,68.5,217.5,692.9229166789204,275.86206896551727,875.9124087591241,167.6098093460808,35.438914580820146,53.66710960957516,53.926957868158254,48,46.15384615384615,24,23.076923076923077,12,11.538461538461538,,,,,38.13211759733594,32.74582092839988,1.1644880633994008,0.858746458148121,4.300566788888413,3922.804627381487,True
132387-6-1in10-a_Export.xls,6,60,70,111,88.9908256880734,89.38181818181818,67.0,218.0,713.881071161437,275.22935779816515,895.5223880597015,144.52054128341365,28.120312230959296,37.62075359316226,37.79047651893758,43,39.44954128440367,11,10.091743119266056,5,4.587155963302752,,,,,26.721902210811756,26.896666763310176,0.993502371351947,1.0065401239447582,4.060685815318235,2257.957199076669,True
132387-6-1in10-a_Export.xls,7,70,80,106,92.3076923076923,94.64285714285714,69.0,218.5,677.2788431957924,274.5995423340961,869.5652173913044,143.56327420741874,30.435438785500267,47.36506644385469,47.59438340186826,48,46.15384615384615,19,18.269230769230766,9,8.653846153846153,,,,,33.65431124985351,27.01069180023457,1.245962580253544,0.8025923216702926,4.162696397132492,2855.790122692239,True
132387-6-1in10-a_Export.xls,8,80,90,104,93.13725490196079,96.55339805825243,73.0,251.5,664.1712120283169,238.5685884691849,821.917808219178,135.86656994775896,32.782700529795754,48.0598840092274,48.29522820291279,35,34.31372549019608,14,13.725490196078432,9,8.823529411764707,,,,,34.14988336123143,31.503957412583166,1.0839870976841608,0.922520205393965,4.235874319055314,3379.9027857894516,True
132387-6-1in10-a_Export.xls,9,90,100,106,89.42307692307693,93.07619047619048,61.0,170.0,670.3810440523708,352.94117647058823,983.6065573770492,121.8973234027965,20.58434582492951,31.09152122858726,31.241076395811525,45,43.269230769230774,11,10.576923076923077,0,0.0,,,,,22.090776971045315,19.074521714600777,1.1581300596457795,0.8634608796060915,3.8287846307049778,1323.7760538273353,True
132387-6-1in10-a_Export.xls,10,100,110,104,96.07843137254902,96.48058252427184,66.0,216.5,668.487780677435,277.1362586605081,909.0909090909091,147.41440203262314,32.32023605236923,46.983622511612765,47.213466666544186,45,44.11764705882353,22,21.568627450980394,7,6.862745098039216,,,,,33.384962443238415,31.370967384539117,1.0641993290806797,0.9396735862104527,4.224198785877332,3290.2483190113007,True
132387-6-1in10-a_Export.xls,11,110,120,103,85.14851485148515,96.59313725490196,72.5,240.0,653.9055055424158,250.0,827.5862068965517,125.30810586396969,27.129295333784608,40.33274349731,40.53390525532329,43,42.57425742574257,16,15.841584158415841,5,4.9504950495049505,,,,,28.66179927401213,25.70539441401742,1.1150110678084968,0.8968520841371147,4.071447704764356,2314.6087725609514,True
132387-6-1in10-a_Export.xls,12,120,130,101,88.88888888888889,99.5,73.5,206.0,639.1132843207331,291.2621359223301,816.3265306122449,133.42515188917523,28.54378171769597,44.10103757454597,44.3253180222041,53,53.535353535353536,18,18.181818181818183,8,8.080808080808081,,,,,31.342732951750808,25.71214366980075,1.21898560284428,0.8203542336075855,4.1103951311543465,2531.7744991253535,True
132387-6-1in10-a_Export.xls,13,130,140,102,91.0,98.01980198019803,72.5,283.0,650.9284456762055,212.01413427561837,827.5862068965517,127.40555615384831,32.99552399887591,47.2746760961934,47.512837180805114,41,41.0,14,14.000000000000002,7,7.000000000000001,,,,,33.59664936395962,32.56256526389861,1.0317568376963062,0.9692206181378816,4.243134560555481,3436.8806469635892,True
132387-6-1in10-a_Export.xls,14,140,150,108,86.79245283018868,92.48130841121495,67.5,207.5,670.9979913259408,289.1566265060241,888.8888888888889,107.45979972814307,20.380799930794655,28.89677464537626,29.03401357536879,35,33.0188679245283,8,7.547169811320755,3,2.8301886792452833,,,,,20.530147884205547,20.329788844584904,1.0098554412518659,0.9902407405562439,3.824644928238825,1311.2177458195902,True
132387-6-1in10-a_Export.xls,15,150,160,107,46.666666666666664,92.9245283018868,76.5,238.0,656.2581630050812,252.10084033613447,784.3137254901961,62.64849885788154,17.03872234937794,23.241127339266484,23.35255651110592,5,4.761904761904762,4,3.8095238095238098,2,1.9047619047619049,,,,,16.51275106704506,17.69495993617553,0.9331895142235634,1.0715936953406775,3.669789000202964,917.9497126856168,False
132387-6-1in10-a_Export.xls,16,160,170,104,62.745098039215684,96.73300970873787,77.0,258.0,638.1714494764548,232.5581395348837,779.2207792207793,87.5009179560025,21.643254568198063,29.121954523934647,29.265442472016318,17,16.666666666666664,5,4.901960784313726,2,1.9607843137254901,,,,,20.693792826387536,22.66455282947806,0.9130465966869946,1.0952343545537733,3.8753072344079578,1473.4558400901406,False
132387-6-1in10-a_Export.xls,17,170,180,98,77.08333333333334,101.74742268041237,75.5,277.5,627.5107136147801,216.21621621621622,794.7019867549669,125.50680707754114,33.39419888738008,49.06681244317113,49.32389260367583,36,37.5,14,14.583333333333334,9,9.375,,,,,34.87725893457617,32.0953042146601,1.0866779358534746,0.9202358555431623,4.253103824777538,3516.686990464255,True
132388-7-1in10-s-one RR irregular_Export.xls,0,0,10,62,0.0,162.69672131147541,160.0,165.5,368.8104421973309,362.5377643504532,375.0,3.132671282647575,1.3792470425458903,2.206052281036573,2.2240976079056254,0,0.0,0,0.0,0,0.0,,,,,1.5726745005708467,1.140856552032896,1.3785032813884384,0.7254244610812917,1.457989868758614,5.63663299843396,False
132388-7-1in10-s-one RR irregular_Export.xls,1,10,20,61,10.16949152542373,162.91666666666666,158.5,167.0,368.34326382139176,359.2814371257485,378.5488958990536,4.619265842739534,2.038125315641776,3.2664187614915097,3.293747508169762,0,0.0,0,0.0,0,0.0,,,,,2.3290311985431322,1.6375872474425786,1.4222333510354226,0.7031194981273461,1.7854997364623553,11.982008587153828,False
132388-7-1in10-s-one RR irregular_Export.xls,2,20,30,65,38.095238095238095,154.4453125,68.5,166.5,402.24642253706924,360.36036036036035,875.9124087591241,102.65761890384958,21.45410701561129,23.767558254831847,23.95846006110877,9,14.285714285714285,5,7.936507936507936,0,0.0,,,,,16.941189575997075,25.435901537896605,0.6660345634203932,1.5014235820803967,3.838511020165175,1353.7576075821091,False
132388-7-1in10-s-one RR irregular_Export.xls,3,30,40,60,34.48275862068966,164.95762711864407,159.0,170.0,363.8127864940346,352.94117647058823,377.35849056603774,5.548799593633832,2.510818206373929,4.550483111904069,4.590193128644776,0,0.0,0,0.0,0,0.0,,,,,3.2457566882206152,1.511850746593658,2.1468764000240173,0.46579300046747585,1.8949448620574594,15.416108281080403,False
132388-7-1in10-s-one RR irregular_Export.xls,4,40,50,61,3.389830508474576,165.23333333333332,160.5,168.5,363.1556394399596,356.08308605341244,373.8317757009346,3.48746791179126,1.5797089054597055,2.3632066694878517,2.3834920773433717,0,0.0,0,0.0,0,0.0,,,,,1.6853834107939092,1.4775497036737575,1.140661059728412,0.8766846132523338,1.6003607966500588,7.82331264997957,False
132388-7-1in10-s-one RR irregular_Export.xls,5,50,60,60,6.896551724137931,167.79661016949152,163.5,172.5,357.61751840722957,347.82608695652175,366.9724770642202,3.897335275109771,1.8291665806849846,3.13421056441155,3.161572142938229,0,0.0,0,0.0,0,0.0,,,,,2.235569101482106,1.3410572934244185,1.6670198301323373,0.5998728880871288,1.680955413545583,9.41857723754708,False
132388-7-1in10-s-one RR irregular_Export.xls,6,60,70,58,1.7857142857142856,170.66666666666666,166.0,175.5,351.6082186175658,341.88034188034186,361.4457831325301,4.047509395214647,1.9624450250110133,2.7918887615990107,2.8143302125824796,0,0.0,0,0.0,0,0.0,,,,,1.9900319778152493,1.8380449099271463,1.082689529002927,0.9236258162771025,1.7673361563252392,11.491217540455505,False
132388-7-1in10-s-one RR irregular_Export.xls,7,70,80,58,0.0,172.08771929824562,169.0,175.5,348.6914928259346,341.88034188034186,355.0295857988166,3.373510375986393,1.6666979946930351,2.957285193261839,2.9840349002172015,0,0.0,0,0.0,0,0.0,,,,,2.110031313240906,1.048789500130704,2.0118730336048807,0.49704925872394473,1.5490972138095096,6.952277583349386,False
132388-7-1in10-s-one RR irregular_Export.xls,8,80,90,58,0.0,173.78947368421052,170.5,176.5,345.2755175224246,339.94334277620396,351.90615835777123,3.260377794742451,1.639216299085624,2.8823663393617602,2.9077678099125515,0,0.0,0,0.0,0,0.0,,,,,2.056102336505121,1.0597223049631244,1.9402274792891787,0.5154034826711967,1.5423567846924244,6.845208401799959,False
132388-7-1in10-s-one RR irregular_Export.xls,9,90,100,57,14.545454545454545,174.23214285714286,118.5,199.5,345.4703099681421,300.7518796992481,506.32911392405066,23.080837670823584,8.593318908904166,14.142457032251889,14.27222703877936,3,5.454545454545454,2,3.6363636363636362,0,0.0,,,,,10.091988521754882,6.936356906766483,1.454940779057959,0.6873131981684348,3.0492281619995443,219.916620011808,False
132388-7-1in10-s-one RR irregular_Export.xls,10,100,110,58,16.071428571428573,172.89473684210526,50.5,180.5,358.5653319688045,332.409972299169,1188.118811881188,114.11329104366862,18.415525486593328,20.985007403245913,21.174688930388122,3,5.357142857142857,3,5.357142857142857,1,1.7857142857142856,,,,,14.972766132193165,21.587129966598273,0.6935968864485691,1.4417596438765892,3.7136169300405926,1015.4225881269348,False
132388-7-1in10-s-one RR irregular_Export.xls,11,110,120,57,1.8181818181818181,174.61607142857142,170.5,178.0,343.651485081177,337.07865168539325,351.90615835777123,3.771669968872891,1.909286090826458,3.257159945273015,3.2858998839188707,0,0.0,0,0.0,0,0.0,,,,,2.3234820902191227,1.3363916944304752,1.7386235636620833,0.5751676331210468,1.6961930797389981,9.754903326294853,False
132388-7-1in10-s-one RR irregular_Export.xls,12,120,130,57,0.0,175.66071428571428,172.0,179.0,341.60083899855556,335.195530726257,348.83720930232556,3.4061802731431747,1.7480044280606044,3.069646115226847,3.0975987224167447,0,0.0,0,0.0,0,0.0,,,,,2.190333062015666,1.1560483603413017,1.894672521631371,0.5277956948143046,1.6076061433995017,7.954923974565189,False
132388-7-1in10-s-one RR irregular_Export.xls,13,130,140,57,1.8181818181818181,176.28571428571428,172.0,180.5,340.40253344759105,332.409972299169,348.83720930232556,3.992671095294484,2.066743470155058,3.2828756795335288,3.3115957885386114,0,0.0,0,0.0,0,0.0,,,,,2.341651838624464,1.7100908672964643,1.3693142764550599,0.730292539261946,1.8066614940926269,12.580311191803592,False
132388-7-1in10-s-one RR irregular_Export.xls,14,140,150,56,16.666666666666664,177.15454545454546,171.0,181.0,338.74312943110255,331.49171270718233,350.87719298245617,4.406863618787702,2.2849603434291312,3.7385628056583258,3.773100292082892,0,0.0,0,0.0,0,0.0,,,,,2.6679848026287556,1.8322490599669652,1.456125622286775,0.6867539343408766,1.8932878416308365,15.357401258345268,False
132388-7-1in10-s-one RR irregular_Export.xls,15,150,160,57,10.909090909090908,178.20535714285714,173.5,182.0,336.74223128567974,329.6703296703297,345.821325648415,4.233534433208321,2.2295062350099073,3.903960692797648,3.9386498908843075,0,0.0,0,0.0,0,0.0,,,,,2.7850460465639486,1.439667703896667,1.9345061634888538,0.5169277921536908,1.8072146248555143,12.596344069527639,False
132388-7-1in10-s-one RR irregular_Export.xls,16,160,170,55,15.09433962264151,179.32407407407408,172.5,183.0,334.65129215175403,327.8688524590164,347.82608695652175,4.607423339622454,2.4401465456445086,4.104185622342332,4.143450074466159,0,0.0,0,0.0,0,0.0,,,,,2.9298616451629256,1.863176314705802,1.5725090653192177,0.6359263816371075,1.941221049776394,17.14947935823967,False
132388-7-1in10-s-one RR irregular_Export.xls,17,170,180,56,9.25925925925926,179.96363636363637,175.0,183.5,333.4458542374912,326.97547683923705,342.85714285714283,3.932053621293818,2.1056681561533823,3.5,3.5328151196265445,0,0.0,0,0.0,0,0.0,,,,,2.498077527766293,1.6414230842289121,1.5218974021800173,0.6570745166970955,1.816946432070873,12.88179317780137,False
132389-8-1in10-s_Export.xls,0,0,10,67,9.230769230769232,147.9848484848485,141.6,156.20000000000002,405.6214482221066,384.1229193341869,423.7288135593221,8.447337150667083,3.105788264824365,3.5065652710308988,3.5325464774556923,0,0.0,0,0.0,0,0.0,,,,,2.497887569065571,3.5966891826960894,0.694496366570421,1.439892342328909,2.157595778109258,28.22446172489213,False
132389-8-1in10-s_Export.xls,1,10,20,65,41.269841269841265,154.965625,146.6,166.0,387.5412634790424,361.4457831325301,409.2769440654843,11.849906664716121,4.767423141771497,5.574203623096848,5.615243316302516,0,0.0,0,0.0,0,0.0,,,,,3.970576626969946,5.38254656047474,0.7376762248796491,1.3556082821608473,2.533961359688847,67.14153249471646,False
132389-8-1in10-s_Export.xls,2,20,30,61,33.89830508474576,161.94,155.79999999999998,174.8,370.714806099138,343.2494279176201,385.10911424903725,8.75005922460609,3.902072461080832,5.402259414324809,5.447849564217289,0,0.0,0,0.0,0,0.0,,,,,3.8522113697422222,3.9821430752364986,0.9673714120664638,1.0337291215416797,2.3899469512042697,48.19220984392869,False
132389-8-1in10-s_Export.xls,3,30,40,61,32.20338983050847,163.53333333333336,157.4,174.4,367.13391946022875,344.0366972477064,381.1944091486658,9.281860590553176,4.234269659341808,6.194420671671171,6.246446564365442,0,0.0,0,0.0,0,0.0,,,,,4.416904723982215,4.02318964736095,1.0978614261645674,0.9108617683140112,2.4538085190204257,55.826243953493105,False
132389-8-1in10-s_Export.xls,4,40,50,60,56.896551724137936,168.6813559322034,159.8,186.4,356.1131631341873,321.88841201716735,375.4693366708385,12.103221531003081,5.8589299533886035,8.244161988737952,8.316001092362784,0,0.0,0,0.0,0,0.0,,,,,5.880300764764461,5.932887922812815,0.9911363304460634,1.0089429367904892,2.7467856667618595,109.60126249309874,False
132389-8-1in10-s_Export.xls,5,50,60,59,54.385964912280706,169.8931034482759,162.39999999999998,182.4,353.525069713567,328.9473684210526,369.45812807881777,11.303120325022508,5.536255687894327,8.330876830918209,8.40425957163202,0,0.0,0,0.0,0,0.0,,,,,5.942708933952949,5.161992387977129,1.1512432578928629,0.8686261510276415,2.6909218020491585,96.372181991597,False
132389-8-1in10-s_Export.xls,6,60,70,59,0.0,169.35172413793103,167.8,170.6,354.29793444061374,351.69988276670574,357.56853396901073,1.4350869004980096,0.6849872272622326,0.8673411680269689,0.875022377085868,0,0.0,0,0.0,0,0.0,,,,,0.6187342565273896,0.728664793270798,0.849134282651482,1.1776700345644142,0.8581519305949743,1.4163866367058815,False
132389-8-1in10-s_Export.xls,7,70,80,58,0.0,170.76140350877196,169.0,172.2,351.37372802432594,348.43205574912895,355.0295857988166,1.4984942574326219,0.7274599610889033,0.9658452996505917,0.9741596445075167,0,0.0,0,0.0,0,0.0,,,,,0.6888348905895415,0.7580391656262768,0.9087062012428341,1.1004656935677382,0.9219267642834674,1.6404260388421261,False
132389-8-1in10-s_Export.xls,8,80,90,58,0.0,171.92982456140354,169.8,173.4,348.9867328762168,346.02076124567475,353.3568904593639,1.593579096606424,0.7842113673440834,1.087920690386678,1.097287091439136,0,0.0,0,0.0,0,0.0,,,,,0.7758991432650761,0.7512370750017184,1.0328286090822945,0.9682148530805476,0.9697022680426232,1.8311847296701316,False
132389-8-1in10-s_Export.xls,9,90,100,58,3.571428571428571,172.4280701754386,165.20000000000002,177.6,348.01204614152914,337.83783783783787,363.1961259079903,3.8345074824862393,1.8706143362509178,1.9261360284258195,1.9427119884660875,0,0.0,0,0.0,0,0.0,,,,,1.3737048209367724,2.2593586033875384,0.6080065461397438,1.6447191339452467,1.6959985722621265,9.750535375789042,False
132389-8-1in10-s_Export.xls,10,100,110,60,17.24137931034483,168.56949152542373,161.6,178.4,356.0850906122325,336.32286995515693,371.2871287128713,7.298124475031934,3.4975486113448153,4.449874078032412,4.488474182165753,0,0.0,0,0.0,0,0.0,,,,,3.1738305313901467,3.821596224243143,0.8304986568848506,1.2040958666338348,2.287948515466384,38.104687606670524,False
132389-8-1in10-s_Export.xls,11,110,120,59,19.298245614035086,169.4551724137931,161.20000000000002,179.4,354.22550943478456,334.44816053511704,372.20843672456573,7.331109721134343,3.5195280990393285,4.487565666821496,4.526590887484378,0,0.0,0,0.0,0,0.0,,,,,3.2007831121974357,3.839561247908559,0.8336325182834182,1.1995693282924698,2.293657829389779,38.60892587375519,False
132389-8-1in10-s_Export.xls,12,120,130,60,6.896551724137931,166.39322033898307,161.6,172.0,360.64056077787234,348.83720930232556,371.2871287128713,4.235455096454683,1.9564098370775154,2.63072036810688,2.6534206711937314,0,0.0,0,0.0,0,0.0,,,,,1.8762517499416476,2.0167912797165504,0.9303152829009381,1.0749044096983646,1.7820720478174827,11.88781226119494,False
132389-8-1in10-s_Export.xls,13,130,140,60,6.896551724137931,167.0338983050848,160.6,172.4,359.26542050692865,348.0278422273782,373.59900373599004,4.571421587240741,2.115347054715522,2.60450538027129,2.626801228584852,0,0.0,0,0.0,0,0.0,,,,,1.857428961561503,2.363546506230484,0.785865205810498,1.2724828540648458,1.846596347665424,13.791967900535678,False
132389-8-1in10-s_Export.xls,14,140,150,61,3.389830508474576,163.14333333333332,157.4,166.8,367.8264362715202,359.71223021582733,381.1944091486658,4.417399855917479,1.9412006302815898,2.008794224724905,2.025748918088075,0,0.0,0,0.0,0,0.0,,,,,1.4324207969613898,2.3616208561877703,0.6065413900831079,1.648692103045071,1.7334007760009158,10.627489046909124,False
132389-8-1in10-s_Export.xls,15,150,160,62,1.6666666666666667,161.2360655737705,156.79999999999998,164.39999999999998,372.1615442055864,364.9635036496351,382.6530612244898,3.719624993243572,1.6027094545264324,1.7929491533969013,1.8072796925228942,0,0.0,0,0.0,0,0.0,,,,,1.2779397260836771,1.8591353314890666,0.687383916834132,1.45479109346299,1.5799413578922925,7.4639934208760685,False
132389-8-1in10-s_Export.xls,16,160,170,62,3.3333333333333335,161.45573770491802,156.79999999999998,165.0,371.6667684753894,363.6363636363636,382.6530612244898,4.272900441288801,1.8399750532877652,2.0888593378524445,2.1064201028563923,0,0.0,0,0.0,0,0.0,,,,,1.4894639387574198,2.1496695318223247,0.6928804249715381,1.44325047145195,1.7095216767409247,10.058924924644538,False
132389-8-1in10-s_Export.xls,17,170,180,62,0.0,159.96393442622949,156.20000000000002,162.20000000000002,375.1098118913444,369.9136868064118,384.1229193341869,3.1119806535388657,1.3203576266660026,1.4422205101855932,1.453629783687233,0,0.0,0,0.0,0,0.0,,,,,1.0278714773799766,1.5547194416912955,0.6611298796532773,1.512562101299127,1.4077108269825052,5.0204276989370555,False
132392-3-1in10-s-irregualr p RR_Export.xls,0,0,10,68,34.84848484848485,146.56716417910448,139.5,158.0,409.613427967431,379.746835443038,430.10752688172045,10.058574311273112,3.6232577029142883,4.388777009186459,4.422401387553377,0,0.0,0,0.0,0,0.0,,,,,3.1271100102677893,4.095853978539741,0.763481810301907,1.3097888993643025,2.311607607637538,40.2381029707993,False
132392-3-1in10-s-irregualr p RR_Export.xls,1,10,20,67,46.15384615384615,149.1969696969697,51.0,161.5,418.4109416310635,371.5170278637771,1176.4705882352941,124.91129899424152,20.31878229011064,22.059360476119533,22.231025833626855,5,7.6923076923076925,4,6.153846153846154,1,1.5384615384615385,,,,,15.719709119690869,24.320152790037508,0.64636555762636,1.5471121383266262,3.7865307872116314,1201.0488652717695,False
132392-3-1in10-s-irregualr p RR_Export.xls,2,20,30,71,62.31884057971014,140.92857142857142,69.5,170.0,464.07802050038106,352.94117647058823,863.3093525179856,165.98485342612352,33.396529121300865,38.484563063686956,38.76592706810035,24,34.78260869565217,16,23.18840579710145,0,0.0,,,,,27.411649908836893,38.68184405733579,0.7086438244310752,1.4111461435550305,4.229562328968709,3331.134888206645,False
132392-3-1in10-s-irregualr p RR_Export.xls,3,30,40,62,15.0,161.0,50.5,180.0,392.53384127869816,333.3333333333333,1188.118811881188,149.8530789009164,22.31796735069452,27.61370432713921,27.8296675416762,5,8.333333333333332,5,8.333333333333332,2,3.3333333333333335,,,,,19.6785466368864,24.359652201278067,0.8078336453364442,1.2378786223784017,3.8847840863253684,1505.9618714588119,False
132392-3-1in10-s-irregualr p RR_Export.xls,4,40,50,61,18.64406779661017,162.23333333333332,50.5,175.5,390.40964668349426,341.88034188034186,1188.118811881188,152.05457144210368,22.973910528504966,26.95657210516606,27.187800664412983,6,10.16949152542373,4,6.779661016949152,2,3.389830508474576,,,,,19.224678215354537,26.494648401548627,0.7256060893501363,1.3781582247960669,3.911137222488102,1600.1736422808835,False
132392-3-1in10-s-irregualr p RR_Export.xls,5,50,60,63,22.950819672131146,160.92741935483872,50.0,174.0,402.86107368589086,344.82758620689657,1200.0,183.349362747453,27.547402777548225,32.58582614533151,32.856252575930405,9,14.754098360655737,9,14.754098360655737,3,4.918032786885246,,,,,23.232879000818357,31.639210127408976,0.7343065426494881,1.3618290753502618,4.070448646038337,2309.2903251742973,False
132392-3-1in10-s-irregualr p RR_Export.xls,6,60,70,67,36.92307692307693,149.0,50.0,173.5,472.85494669146954,345.821325648415,1200.0,272.2701701999197,40.01932225620711,47.80931676180668,48.14604060524124,21,32.30769230769231,20,30.76923076923077,7,10.76923076923077,,,,,34.04439179924895,43.95767536571619,0.7744811688973233,1.2911869780175054,4.3792002799588445,4701.43211910973,False
132392-3-1in10-s-irregualr p RR_Export.xls,7,70,80,63,21.311475409836063,157.46774193548387,50.5,176.0,432.37557612714124,340.90909090909093,1188.118811881188,232.79541769438035,36.01523709507239,37.03255103372672,37.28803482329963,10,16.39344262295082,10,16.39344262295082,4,6.557377049180328,,,,,26.366622280675298,41.82265609501063,0.6304387320780611,1.5861969595424217,4.246586091093825,3464.303887171827,False
132392-3-1in10-s-irregualr p RR_Export.xls,8,80,90,70,45.588235294117645,144.30434782608697,51.0,180.0,479.70318406731826,333.3333333333333,1176.4705882352941,224.2032107818481,43.539385262698744,50.159854758678925,50.53278204312956,28,41.17647058823529,19,27.941176470588236,10,14.705882352941178,,,,,35.73207285491871,50.419328934901834,0.7086979063337723,1.4110384566721643,4.459775254524903,5659.852907483355,False
132392-3-1in10-s-irregualr p RR_Export.xls,9,90,100,83,87.65432098765432,119.88414634146342,50.0,182.0,592.0649383647893,329.6703296703297,1200.0,244.90155739740337,47.51499430527348,65.57666797509651,65.98524900627226,62,76.5432098765432,38,46.913580246913575,13,16.049382716049383,,,,,46.658617030618,48.37068639650605,0.9646052290460835,1.0366935300453628,4.557634094960489,7090.289777489255,True
132392-3-1in10-s-irregualr p RR_Export.xls,10,100,110,80,87.17948717948718,123.18354430379746,50.0,183.5,570.6817336818567,326.97547683923705,1200.0,227.01490255102155,47.821997487423246,72.01382078889708,72.47992734864506,66,84.61538461538461,44,56.41025641025641,19,24.358974358974358,,,,,51.25104812813523,44.56512149778741,1.1500259935492327,0.869545562977912,4.562817829048244,7175.42648172894,True
132392-3-1in10-s-irregualr p RR_Export.xls,11,110,120,90,96.5909090909091,111.43820224719101,50.0,193.5,639.6237562596342,310.07751937984494,1200.0,262.4097520085264,46.6026372293603,73.00778289769087,73.41560082227846,80,90.9090909090909,49,55.68181818181818,21,23.863636363636363,,,,,51.912669186317764,40.30236992313364,1.2880798147932186,0.7763494067023592,4.524723927123307,6572.851450916642,True
132392-3-1in10-s-irregualr p RR_Export.xls,12,120,130,78,67.10526315789474,127.93506493506493,50.5,181.0,604.78473863114,331.49171270718233,1188.118811881188,336.0856874607461,54.315437774060456,69.15621618366714,69.60736091091556,41,53.94736842105263,37,48.68421052631579,18,23.684210526315788,,,,,49.21983692060781,59.246116720771056,0.8307689962632077,1.2037040434801878,4.668920042921397,9161.148709945859,False
132392-3-1in10-s-irregualr p RR_Export.xls,13,130,140,62,26.666666666666668,160.48360655737704,50.0,181.0,436.0690286614705,331.49171270718233,1200.0,254.41583455566658,40.767835280311644,44.07791397060437,44.449878934459825,13,21.666666666666668,12,20.0,5,8.333333333333332,,,,,31.43081081747761,48.79506138470084,0.6441391797763452,1.552459517129846,4.38985143595416,4818.161200070946,False
132392-3-1in10-s-irregualr p RR_Export.xls,14,140,150,96,84.04255319148936,103.73684210526316,50.0,184.0,749.8684773850894,326.0869565217391,1200.0,357.67095028230256,52.78316957062746,68.5686680200407,68.93054608929471,69,73.40425531914893,48,51.06382978723404,16,17.02127659574468,,,,,48.74125657063214,56.475401869821276,0.863052850566398,1.1586775935491405,4.6438760339208045,8647.805713697284,True
132392-3-1in10-s-irregualr p RR_Export.xls,15,150,160,77,89.33333333333333,128.98684210526315,50.0,185.0,593.6276946968619,324.3243243243243,1200.0,329.4692476694718,53.401870983715575,67.53752043617433,67.96905761295204,52,69.33333333333334,37,49.333333333333336,16,21.333333333333336,,,,,48.061381548977515,57.845050867899744,0.8308641937014609,1.2035661273896603,4.648182440640578,8733.982766959734,True
132392-3-1in10-s-irregualr p RR_Export.xls,16,160,170,74,86.11111111111111,134.7123287671233,50.0,184.0,537.8443650272328,326.0869565217391,1200.0,276.4875419129242,48.43128851271172,67.74187630672445,68.21346085762893,51,70.83333333333334,40,55.55555555555556,16,22.22222222222222,,,,,48.23420074063254,48.710959800189855,0.9902124889036685,1.009884253335532,4.575101756137783,7381.2794237708,True
132392-3-1in10-s-irregualr p RR_Export.xls,17,170,180,76,79.72972972972973,132.74666666666667,50.0,184.0,565.2116687263062,326.0869565217391,1200.0,310.11474257787944,51.706968878775236,62.96027812535156,63.38969530559908,47,63.51351351351351,33,44.5945945945946,13,17.56756756756757,,,,,44.82328340793817,58.33893586131462,0.7683253516055498,1.301531958968067,4.621582152138377,8215.084637111699,True
132393-4-1in10-s-a_Export.xls,0,0,10,67,27.692307692307693,149.21818181818185,50.2,208.0,444.1569199953146,288.46153846153845,1195.219123505976,206.74476104136355,32.350612449753186,35.525496802675725,35.80048345182807,15,23.076923076923077,11,16.923076923076923,3,4.615384615384616,,,,,25.314764618544405,38.37804084669733,0.6596158652200428,1.5160338808200249,4.191576676994528,3052.1548739898953,False
132393-4-1in10-s-a_Export.xls,1,10,20,62,45.0,161.21639344262297,50.6,199.6,421.4743432473103,300.6012024048096,1185.7707509881423,196.57761565596672,42.78377098981913,40.539421143704885,40.88083537019482,21,35.0,14,23.333333333333332,2,3.3333333333333335,,,,,28.90711591083562,53.621802368677756,0.5390925823806552,1.8549689472334394,4.39446615419656,4869.630896491525,False
132393-4-1in10-s-a_Export.xls,2,20,30,61,35.59322033898305,164.63666666666668,50.6,190.6,410.2938344918864,314.79538300104934,1185.7707509881423,190.09309598878843,41.98915907976711,43.507084948062946,43.840526847568285,17,28.8135593220339,12,20.33898305084746,3,5.084745762711865,,,,,30.999933824706428,49.78554934352524,0.6226693133544395,1.6059888909777926,4.392584052987768,4848.57304804167,False
132393-4-1in10-s-a_Export.xls,3,30,40,56,18.51851851851852,178.9018181818182,62.6,194.0,356.95935264392716,309.2783505154639,958.4664536741213,127.64301814363378,31.55852582407094,34.533462033222214,34.857687713506685,8,14.814814814814813,7,12.962962962962962,3,5.555555555555555,,,,,24.64810735870358,37.62266775868271,0.6551398087131977,1.526391751348715,4.1713531469879825,2913.285431233551,False
132393-4-1in10-s-a_Export.xls,4,40,50,54,28.846153846153843,182.72075471698113,71.0,195.20000000000002,341.5096414513279,307.37704918032784,845.0704225352113,96.25065350870659,25.895985421642294,27.348210460368616,27.61500127876047,5,9.615384615384617,4,7.6923076923076925,1,1.9230769230769231,,,,,19.52675466668671,31.373182676481605,0.622402733826703,1.606676747468195,3.9913086307624606,1924.5913112578598,False
132393-4-1in10-s-a_Export.xls,5,50,60,55,20.754716981132077,183.3888888888889,73.2,194.39999999999998,341.07941564550305,308.64197530864203,819.672131147541,101.75880052749572,26.040908794003524,27.90900307840086,28.176006529967623,6,11.320754716981133,4,7.547169811320755,2,3.7735849056603774,,,,,19.923445284096548,31.362740551810425,0.6352584287455217,1.574162505761242,3.999898429466085,1963.0362500978786,False
132393-4-1in10-s-a_Export.xls,6,60,70,54,13.461538461538462,183.94339622641513,68.6,190.8,334.1635544637127,314.4654088050314,874.6355685131196,80.44967715546053,19.014058659459586,19.99147895402516,20.186357638038604,3,5.769230769230769,2,3.8461538461538463,1,1.9230769230769231,,,,,14.273910373313953,23.087272779698846,0.6182588350524155,1.617445547567825,3.722035582356195,1035.2982320863075,False
132393-4-1in10-s-a_Export.xls,7,70,80,59,33.33333333333333,171.2034482758621,71.2,194.6,383.2792324351535,308.32476875642345,842.6966292134831,146.53294047070304,39.74298996123318,33.36289566295983,33.62421813385081,12,21.052631578947366,7,12.280701754385964,1,1.7543859649122806,,,,,23.77591265454159,50.450909786104084,0.4712682636516159,2.121933677968283,4.2831261815914115,3768.391986807387,False
132393-4-1in10-s-a_Export.xls,8,80,90,58,21.428571428571427,171.95789473684212,69.4,192.39999999999998,377.32112930039557,311.85031185031187,864.5533141210374,137.02271814542001,36.86408892990004,30.78828626975804,31.066905597059765,9,16.071428571428573,6,10.714285714285714,1,1.7857142857142856,,,,,21.967619618163265,47.68636141429816,0.4606688152889046,2.1707568795879064,4.224297168527237,3290.9937579466387,False
132393-4-1in10-s-a_Export.xls,9,90,100,59,45.614035087719294,167.61724137931037,70.2,215.2,397.76046548709456,278.8104089219331,854.7008547008546,163.0480208353332,42.60986269954466,37.808288332939206,38.14417872922837,18,31.57894736842105,8,14.035087719298245,2,3.508771929824561,,,,,26.97200744222905,54.365294080886315,0.4961254767076085,2.015619126508494,4.370354995117822,4606.646479405852,False
132393-4-1in10-s-a_Export.xls,10,100,110,61,54.23728813559322,164.6,51.4,225.39999999999998,434.2299299199883,266.1934338952973,1167.3151750972763,247.63657407392154,49.50573327523433,55.94470029882566,56.412875368178746,26,44.06779661016949,17,28.8135593220339,6,10.16949152542373,,,,,39.88992671907074,56.89115727043916,0.7011621600427117,1.4262036045115218,4.560027989337008,7129.480399394867,False
132393-4-1in10-s-a_Export.xls,11,110,120,70,67.64705882352942,144.14202898550724,50.6,226.20000000000002,497.56736384818066,265.2519893899204,1185.7707509881423,244.39257754834432,52.476528102619646,55.75915118773303,56.17272520598945,40,58.82352941176471,23,33.82352941176471,2,2.941176470588235,,,,,39.720114910883645,63.2710362981401,0.6277772142646452,1.5929217838391325,4.604335426603533,7895.239643426417,False
132393-4-1in10-s-a_Export.xls,12,120,130,67,61.53846153846154,149.9212121212121,50.0,296.59999999999997,495.5205797165759,202.29265003371546,1200.0,272.3831945442219,57.57648963342727,53.319911131554996,53.7224756002121,35,53.84615384615385,23,35.38461538461539,4,6.153846153846154,,,,,37.98752679903882,72.41935116442926,0.5245493944399965,1.9063981592574133,4.643615631596144,8642.622056480288,False
132393-4-1in10-s-a_Export.xls,13,130,140,71,71.01449275362319,141.10285714285715,50.8,219.0,520.1462709222786,273.972602739726,1181.1023622047244,266.1068551984308,55.034531903736166,68.74851882462421,69.25217617171558,44,63.76811594202898,29,42.028985507246375,10,14.492753623188406,,,,,48.968683382945514,60.45808338466672,0.8099608959050275,1.2346275049274178,4.675492785239348,9300.850748613111,False
132393-4-1in10-s-a_Export.xls,14,140,150,70,67.64705882352942,140.10144927536228,50.0,221.0,536.7938372431282,271.49321266968326,1200.0,293.6414141525656,56.072008568692596,59.01498812614819,59.453761332745486,40,58.82352941176471,25,36.76470588235294,4,5.88235294117647,,,,,42.04015780543088,67.29688847502287,0.6246969029041219,1.6007763050387325,4.6557793049576395,8888.10537813737,False
132393-4-1in10-s-a_Export.xls,15,150,160,70,69.11764705882352,143.74202898550726,50.6,214.60000000000002,526.4930644828703,279.58993476234855,1185.7707509881423,302.6606998746074,56.139155900622896,66.53753474101491,67.0322433651946,42,61.76470588235294,31,45.588235294117645,6,8.823529411764707,,,,,47.39895384167606,63.809552156744125,0.7428190958814995,1.3462227957579702,4.68477443554063,9501.765884799444,False
132393-4-1in10-s-a_Export.xls,16,160,170,62,55.00000000000001,159.9672131147541,51.2,215.0,435.88203498853767,279.06976744186045,1171.875,216.26782467837057,48.99681867669735,57.03820357152446,57.49389346105144,27,45.0,19,31.666666666666664,4,6.666666666666667,,,,,40.65432194312638,55.904119442322575,0.727215138145057,1.3751088880668088,4.560670515894749,7140.036073032618,False
132393-4-1in10-s-a_Export.xls,17,170,180,66,73.4375,149.83692307692309,50.8,314.0,502.6768721622846,191.0828025477707,1181.1023622047244,283.4771733788489,60.97085258863136,75.49791801765132,76.0819550154191,40,62.5,33,51.5625,11,17.1875,,,,,53.7980663173327,67.08354832115802,0.8019561824574043,1.246950920604836,4.761502674744278,11337.898500896235,False
132393-4-1in10-s-a_Export.xls,18,180,190,63,50.81967213114754,158.34193548387097,50.2,207.4,452.86063643378867,289.2960462873674,1195.219123505976,252.67026116599203,50.213398866245726,49.71996992995939,50.125832263507505,24,39.34426229508197,18,29.508196721311474,2,3.278688524590164,,,,,35.44431590614558,62.034078682872256,0.5713684584136789,1.7501841154766469,4.546296917875228,6907.594068607924,False
132393-4-1in10-s-a_Export.xls,19,190,200,61,37.28813559322034,165.70999999999998,51.6,202.8,410.2285506795202,295.85798816568047,1162.7906976744187,196.54824910797467,43.547479251416405,42.831447341362775,43.130465501246086,17,28.8135593220339,15,25.423728813559322,2,3.389830508474576,,,,,30.49784463166355,51.84675256004751,0.5882305665401467,1.7000136628087823,4.403110689662643,4967.530927769072,False
132393-4-1in10-s-a_Export.xls,20,200,210,70,60.29411764705882,143.11594202898553,51.0,202.6,516.82757881054,296.15004935834156,1176.4705882352941,281.25720481463816,53.55350711640815,61.560811637045234,62.017304433246174,37,54.41176470588235,30,44.11764705882353,6,8.823529411764707,,,,,43.8528565156589,61.5039541688346,0.7130087342885036,1.402507363388583,4.635020908661002,8473.26518710216,False
132393-4-1in10-s-a_Export.xls,21,210,220,60,36.206896551724135,167.67118644067793,73.0,203.2,394.28645881460596,295.2755905511811,821.917808219178,152.48870873574225,41.49698389890547,40.25713044572524,40.608724055915445,15,25.862068965517242,10,17.24137931034483,3,5.172413793103448,,,,,28.71470415527109,51.60300156110051,0.5564541458169144,1.7970932690813697,4.37489929251424,4655.101797546524,False
132393-4-1in10-s-a_Export.xls,22,220,230,66,48.4375,151.02153846153846,50.8,197.6,474.74046587450465,303.6437246963563,1181.1023622047244,253.01347155136315,49.86860388908189,53.415049377492856,53.83615354547006,25,39.0625,20,31.25,3,4.6875,,,,,38.06790924500207,58.74681146362632,0.6479995815359647,1.5432108731145822,4.553663307783242,7025.75818188476,False
