Metric,AF_Mean,AF_Std,NonAF_Mean,NonAF_Std,P_Value,Significant
prev_pRR_3.25,90.72159867774592,9.16007874438002,33.36906594231964,23.117873638068275,7.364881168186677e-277,True
pRR_3.25,91.3901800630726,6.8253428746157025,33.514463153784504,23.125134655015902,4.4253824117134314e-272,True
next_pRR_3.25,91.39989702062455,6.946037241300701,34.2944042940123,23.876267942814028,2.0283392559867566e-260,True
NN20,61.15505226480836,26.520537675236735,15.424190800681432,14.490515698409556,1.443759001103978e-177,True
prev_NN20,60.68292682926829,26.584394006300876,15.272572402044293,14.483861114745983,1.8877724365615876e-175,True
next_NN20,61.32752613240418,26.600739570578845,15.822033898305085,15.114633480902105,4.126705383230278e-175,True
HR_Mean,730.5483776498788,101.54790753372417,508.9601073505641,120.69251524684631,2.2770279765088633e-174,True
prev_HR_Mean,727.952007653446,100.60557022977133,508.0077316277395,120.35430090481108,8.363861360385826e-174,True
next_HR_Mean,731.7018166108063,103.35352746330786,512.0950843179387,123.1556281638565,5.265536406445375e-168,True
prev_pNN20,59.65023666788154,24.390302286357155,19.0489143995469,16.893069144454774,2.6029993802939194e-162,True
pNN20,59.66407727811692,24.55898629929287,19.279577633180992,17.126368696718096,3.249215156069293e-159,True
next_pNN20,59.45974830944578,24.75325418436291,19.903009647708092,18.156346101855537,1.770905866966247e-150,True
RR_Mean,93.99214179818503,15.900507348271507,132.2394251050347,26.034438040259595,1.8024747411913055e-142,True
next_RR_Mean,93.74353463021517,15.923903018443056,131.7219892580882,26.218282339102846,2.2077127689637694e-140,True
prev_RR_Mean,94.50927628045055,16.157819726664357,132.34828112154563,26.076298524028687,1.916038414785522e-139,True
next_peak_count,107.1637630662021,19.517236588065302,77.61241610738254,19.89524955422482,2.0268043606043831e-115,True
peak_count,106.73344947735191,19.988400552988914,77.16610738255034,20.099607227615568,2.070144211745685e-112,True
prev_peak_count,106.0191637630662,20.815603172263394,76.99328859060402,20.319629667867094,1.3488781434095359e-104,True
prev_HR_Std,233.75967437044076,70.80668839075231,136.3746709525143,102.25557456405382,9.203754458631503e-69,True
HR_Std,231.63720908564488,69.93198595217262,137.33636562873136,101.86911707916387,8.132382504603971e-66,True
next_HR_Std,229.5727228947516,68.98436226217495,138.5230948726222,101.7086285865346,9.141216807265822e-63,True
CSI,0.9362290081431616,0.41113889150504834,1.4656625354223805,0.592029704922289,1.0403405003342264e-61,True
prev_NN50,32.113240418118465,28.972444011412886,8.99488926746167,8.668426158253656,3.4677672530915146e-61,True
NN50,32.245644599303134,29.20273852513428,9.126064735945485,8.785524785126288,2.1379228488174013e-60,True
next_CSI,0.9331466797192668,0.40864546226436416,1.4494829072691073,0.5850107227693964,2.2481152275381476e-60,True
prev_CSI,0.9461089002602302,0.4337890626774716,1.4710023621101298,0.5924122687076309,4.652137285956955e-59,True
next_NN50,32.23344947735192,29.43768280424144,9.376271186440677,9.224650282236118,2.3583561499659667e-58,True
prev_RMSSD,46.48235711414506,20.378378656944225,26.004196131301327,21.17380456598586,8.320963488689082e-57,True
prev_SDSD,46.74766038382536,20.558420851752743,26.182260697489,21.352147083166866,2.2238374630609793e-56,True
prev_SD1,33.055587662008634,14.53699879476128,18.513654085988495,15.09824799539985,2.22383746306098e-56,True
RMSSD,46.201601437851494,20.08036891485701,26.109199342700375,20.957427348371194,3.69885822192119e-56,True
SD1,32.84429466010933,14.309649867737129,18.58751181729926,14.940740715376425,1.0178106202572579e-55,True
SDSD,46.44884695490484,20.236900915764217,26.28671130279479,21.12939815158524,1.0178106202573015e-55,True
next_RMSSD,45.840167226721725,19.73688088011678,26.426642904278935,21.041013965288737,1.3454567468225044e-53,True
next_SD1,32.57600532630518,14.049126193988252,18.819308797395504,15.013584239473827,4.6658703320730315e-53,True
next_SDSD,46.06942854039896,19.86846480302929,26.614521735764026,21.232414451294837,4.665870332073566e-53,True
prev_RR_Min,52.91289198606272,11.148657922446684,80.00340715502556,38.633748734396825,9.118611535998526e-51,True
prev_pNN50,32.7585758790144,29.77722710293019,11.50035785328254,10.823193247806143,5.200516826426959e-50,True
RR_Min,53.08188153310105,11.34937409902825,79.79727427597956,39.019835588448586,9.040281527462778e-49,True
pNN50,32.5314425394324,29.873482233798306,11.687998093803781,11.090711366889153,5.416871911786741e-48,True
next_RR_Min,53.2595818815331,11.545820568488883,79.54745762711865,39.34929496063278,5.261167526619867e-47,True
next_pNN50,32.19962321754711,29.930843911237766,12.11977945029032,12.083499097604157,2.4287216326548574e-44,True
prev_HR_Max,1202.7071985056643,382.15888379996585,907.2031443027894,368.00809133054696,3.027045520349806e-38,True
HR_Max,1199.3586380513725,380.90219175199354,912.7477806493373,375.11245978375223,9.558193006744908e-36,True
next_HR_Max,1195.8335771630436,379.64723864866056,918.434464005247,381.5465251338761,2.093877452457883e-33,True
prev_CVI,4.058533324809476,0.3666403892769758,3.4398885001879407,1.1231465666646911,2.478965626104372e-33,True
CVI,4.050303004742075,0.36716511706919236,3.439775020614509,1.1276216719841439,2.2552159946352427e-32,True
next_CVI,4.042344411449691,0.36757355315186513,3.437896064397265,1.1368146086842787,1.5023743551668638e-31,True
prev_SDNN,31.681733918441548,11.151136421837093,23.72299068437815,17.723895396163353,2.4706761161108436e-19,True
SDNN,31.394360063794252,11.054554479593396,23.831044254606482,17.840131247711327,1.3370062532906576e-17,True
next_SDNN,31.15924751120971,11.106843024179911,23.930415524740503,17.878907321424975,3.130312107171344e-16,True
prev_NN100,4.519163763066202,10.568755129571395,1.170357751277683,2.7941199304591047,6.193651449761239e-13,True
NN100,4.47212543554007,10.69039578157827,1.212947189097104,2.922894680433407,4.514040946425988e-12,True
prev_SD1SD2,2.6660918669531384,6.779525648995428,0.7820376855948853,0.30315109234707993,6.757403939686774e-11,True
SD1SD2,2.728009176502324,7.006184666410193,0.7821994772814012,0.2959773310602108,6.911383439917193e-11,True
next_NN100,4.386759581881533,10.754774042234239,1.2898305084745763,3.2615054236149432,7.828123468940062e-11,True
next_SD1SD2,2.7872919672601872,7.225918233925703,0.7916738429867214,0.31505859332271097,8.749617195863835e-11,True
prev_pNN100,5.3699918616601785,13.896593200442599,1.8489262152150454,4.708299506437281,1.2885306725234678e-08,True
pNN100,5.298371499085249,13.974191371865391,1.9031134886858916,4.816364700460227,5.039746542228468e-08,True
next_pNN100,5.1888790203471595,13.988008303347142,2.0150101021109794,5.148985529159615,4.1340393111520194e-07,True
prev_HR_Min,356.7400960728135,70.85056813449903,376.0088059018114,76.74049102584326,9.56377881963415e-06,True
HR_Min,356.77328389568385,72.00395149665009,375.5798812757126,75.62390896503946,1.547122695718621e-05,True
next_HR_Min,356.9739316228116,73.21365495402473,375.10881577225854,74.85406441301257,3.1530606034371536e-05,True
prev_Area,3031.144648688353,2324.910404465971,2419.940251049904,3634.7455413416656,0.0006495358496917798,True
Area,2972.143275846346,2280.2259789083696,2429.7902856646924,3491.6938639171813,0.0017367920755142388,True
next_Area,2917.2903130205873,2254.241084346786,2444.8768833683957,3335.320232493163,0.004627428195763601,True
next_RR_Max,176.21951219512195,43.23159640251932,171.3,68.3315086647491,0.14134586195854507,False
RR_Max,175.8554006968641,40.97006522789633,171.26575809199318,67.84768302383267,0.16220498784694246,False
prev_RR_Max,175.4233449477352,38.60400216115055,171.29131175468484,67.31555745829796,0.19858455033114156,False
prev_SD2,27.956396199609827,12.757527689033276,27.45911443512281,20.523944156128604,0.6193022434749731,False
next_SD2,27.327717586539755,12.718379452847087,27.508603022530526,20.588098144356255,0.856511023176145,False
SD2,27.579599104793047,12.523625372494278,27.554564013172396,20.679313822738035,0.9800495768984337,False
