Model,Accuracy,Balanced Accuracy,ROC AUC,F1 Score,Time Taken
PassiveAggressiveClassifier,0.775,0.7333333333333334,0.7333333333333333,0.766025641025641,0.009772539138793945
XGBClassifier,0.7875,0.7233333333333334,0.7233333333333334,0.7659420289855073,0.08605694770812988
BaggingClassifier,0.7833333333333333,0.7222222222222222,0.7222222222222222,0.7636664124078312,0.16852402687072754
RandomForestClassifier,0.775,0.7066666666666667,0.7066666666666667,0.7496081504702194,0.22238945960998535
SVC,0.775,0.7044444444444444,0.7044444444444445,0.7478021978021978,0.018117427825927734
AdaBoostClassifier,0.7666666666666667,0.7044444444444444,0.7044444444444444,0.7454869056699721,0.3305840492248535
Perceptron,0.7208333333333333,0.7033333333333334,0.7033333333333334,0.7211376780797871,0.007691144943237305
LGBMClassifier,0.7666666666666667,0.7022222222222222,0.7022222222222221,0.743844049247606,0.1171727180480957
LinearDiscriminantAnalysis,0.7708333333333334,0.6988888888888889,0.6988888888888888,0.7421818061352945,0.021918773651123047
LinearSVC,0.7541666666666667,0.6766666666666666,0.6766666666666667,0.7191267605633803,0.01478266716003418
DecisionTreeClassifier,0.7125,0.6566666666666667,0.6566666666666667,0.6944750873322303,0.03429722785949707
QuadraticDiscriminantAnalysis,0.7375,0.6566666666666666,0.6566666666666666,0.6976327116212337,0.03472089767456055
SGDClassifier,0.7375,0.6566666666666666,0.6566666666666666,0.6976327116212337,0.010587692260742188
NearestCentroid,0.6458333333333334,0.6544444444444444,0.6544444444444444,0.6514548279454088,0.009813785552978516
BernoulliNB,0.65,0.64,0.6399999999999999,0.6536458333333334,0.008219718933105469
LogisticRegression,0.725,0.6355555555555555,0.6355555555555554,0.6733137552103069,0.023918628692626953
RidgeClassifier,0.725,0.6333333333333333,0.6333333333333333,0.6701898188093184,0.00883340835571289
ExtraTreesClassifier,0.7208333333333333,0.6322222222222222,0.6322222222222222,0.6698982835346471,0.08896708488464355
GaussianNB,0.65,0.6311111111111112,0.6311111111111112,0.6514394829612221,0.011086225509643555
LabelPropagation,0.7083333333333334,0.6288888888888888,0.6288888888888888,0.6680790960451977,0.03174781799316406
LabelSpreading,0.7083333333333334,0.6288888888888888,0.6288888888888888,0.6680790960451977,0.0396578311920166
KNeighborsClassifier,0.7,0.6244444444444445,0.6244444444444445,0.6637362637362637,1.4902863502502441
RidgeClassifierCV,0.7,0.6,0.6,0.629032258064516,0.029006004333496094
ExtraTreeClassifier,0.6375,0.5722222222222222,0.5722222222222222,0.6105029984851943,0.007008075714111328
CalibratedClassifierCV,0.65,0.5333333333333333,0.5333333333333333,0.53515625,0.0575413703918457
DummyClassifier,0.625,0.5,0.5,0.4807692307692308,0.007855892181396484
