file,mouse_id,duration_s,is_af,af_type
133700-5-LKB1H2B-2.5E13-3w-s_Export.xls,133700,30,False,No
133700-6-LKB1H2B-2.5E13-3w-a-s_Export.xls,133700,30,False,No
134399-1-LKB1-1in10-s_Export.xls,134399,30,False,No
134399-132561-1-LKB1H2B-1in10-1E13-4w-s-a_Export.xls,134399,30,False,No
134399-132561-1-LKB1H2B-1in10-1E13-5w-s-a_Export.xls,134399,30,False,No
134400-132561-2-LKB1H2B-1in10-1E13-4w-s_Export.xls,134400,30,False,No
134400-132561-2-LKB1H2B-1in10-1E13-5w-s_Export.xls,134400,30,False,No
134400-2-LKB1-1in10-a-s_Export.xls,134400,30,False,No
134400-s_Export.xls,134400,30,False,No
134401-132561-3-LKB1H2B-1in10-1E13-4w-s_Export.txt,134401,30,False,No
134401-132561-3-LKB1H2B-1in10-1E13-5w-s_Export.xls,134401,30,False,No
134401-s_Export.xls,134401,30,False,No
134402-132561-4-LKB1H2B-full dose1E14-4w-s_Export.xls,134402,30,False,No
134402-irr rr-s_Export.xls,134402,30,False,No
134403-132561-5-LKB1H2B-full dose1E14-4w-s-one a_Export.xls,134403,30,False,No
134403-s_Export.xls,134403,30,False,No
134404-132561-6-LKB1H2B-full dose1E14-4w-s_Export.txt,134404,30,False,No
134404-s_Export.xls,134404,30,False,No
134405-131592-1-TBX5H2B-full dose1E14-2w-s_Export.xls,134405,30,False,No
134405-131592-1-TBX5H2B-full dose1E14-4w-s_Export.xls,134405,30,False,No
134405-s_Export.xls,134405,30,False,No
134406-131592-2-TBX5H2B-full dose1E14-2w-s_Export.xls,134406,30,False,No
134406-131592-2-TBX5H2B-full dose1E14-4w-s_Export.xls,134406,30,False,No
134406-a_Export.xls,134406,30,True,sustained
134407-131592-3-TBX5H2B-full dose1E14-2w-a_Export.xls,134407,30,False,No
134407-131592-3-TBX5H2B-full dose1E14-4w-s_Export.xls,134407,30,False,No
134407-s_Export.xls,134407,30,False,No
134408-131592-4-TBX5H2B-1in2-5E13-2w-s_Export.xls,134408,30,False,No
134408-4-5E13-s_Export.xls,134408,30,False,No
134408-s_Export.xls,134408,30,False,No
134409-131592-5-TBX5H2B-1in2-5E13-2w-a-s_Export.xls,134409,30,False,No
134409-5-5E13-a_Export.xls,134409,30,False,No
134409-s_Export.xls,134409,30,False,No
134410-s_Export.xls,134410,30,False,No
134411-s_Export.xls,134411,30,False,No
134412-s_Export.xls,134412,30,False,No
134413-131754-4-TBX5H2B-1in10-1E13-5w-a-s_Export.xls,134413,30,False,No
134413-s_Export.xls,134413,30,False,No
134414-131754-5-TBX5H2B-1in10-1E13-5w-s_Export.txt,134414,30,False,No
134414-131754-5-TBX5H2B-1in10-1E13-5w-s_Export.xls,134414,30,False,No
134414-5-TBX5-1in10-a_Export.xls,134414,30,False,No
134414-a_Export.xls,134414,30,False,No
134415-131754-6-TBX5H2B-1in10-1E13-5w-a-s_Export.xls,134415,30,False,No
134415-irr rr-s_Export.xls,134415,30,False,No
134564-4-TBX5-1in10-a_Export.xls,134564,30,False,No
134564-s_Export.xls,134564,30,False,No
134565-s_Export.xls,134565,30,False,No
134566-s_Export.xls,134566,30,False,No
134567-s_Export.xls,134567,30,False,No
134568-irr rr-s_Export.xls,134568,30,False,No
134569-1-TBX5H2B-1E14-s_Export.xls,134569,30,False,No
134570-2-TBX5H2B-5E13-a-s_Export.xls,134570,30,False,No
134571-3-TBX5H2B-2.5E13-s_Export.xls,134571,30,False,No
134617-1-LKB1-1in10-s_Export.xls,134617,30,False,No
134618-2-LKB1-1in10-a-s_Export.xls,134618,30,False,No
134621-irr rr-s_Export.xls,134621,30,False,No
134622-s_Export.xls,134622,30,False,No
134623-s_Export.xls,134623,30,False,No
134624-s_Export.xls,134624,30,False,No
134625-s_Export.xls,134625,30,False,No
134683-irr rr-s_Export.xls,134683,30,False,No
134688-7-LKB1-1in10-s_Export.xls,134688,30,False,No
134689-8-LKB1-1in10-s_Export.xls,134689,30,False,No
134690-irr rr-s_Export.xls,134690,30,False,No
134691-10-LKB1-1in10-irregular RR interval_Export.xls,134691,30,False,No
134961-4E14-TBX5-a_Export.xls,134961,30,True,sustained
134961-a_Export.xls,134961,0,True,sustained
134962-2-TBX5-2E14-s_Export.xls,134962,30,False,No
134962-2E14-TBX5-s-low p_Export.xls,134962,30,False,No
134962-a_Export.xls,134962,30,True,sustained
134963-1E14-TBX5-s_Export.xls,134963,30,False,No
134963-3-TBX5-1E14-s_Export.xls,134963,30,False,No
134963-s_Export.xls,134963,30,False,No
134981-4E14-TBX5-a_Export.xls,134981,30,True,sustained
134981-a_Export.xls,134981,30,True,sustained
134982-2-TBX5-2E14-s_Export.xls,134982,30,False,No
134982-2E14-TBX5-a_Export.xls,134982,30,True,sustained
134982-a_Export.xls,134982,30,True,sustained
134983-2E14-TBX5-a-s_Export.xls,134983,30,False,No
134983-s_Export.xls,134983,30,False,No
134991-4E14-TBX5-a_Export.xls,134991,30,True,sustained
134991-a_Export.xls,134991,30,True,sustained
134992-4E14-TBX5-a_Export.xls,134992,30,True,sustained
134992-a_Export.xls,134992,30,True,sustained
134993-2E14-TBX5-a_Export.xls,134993,30,True,sustained
134993-3-TBX5-2E14-s_Export.xls,134993,30,False,No
134993-a_Export.xls,134993,30,True,sustained
134994-1E14-TBX5-s_Export.xls,134994,30,False,No
134994-4-TBX5-1E14-a-s_Export.xls,134994,30,False,No
134994-irr rr-s_Export.xls,134994,30,False,No
134995-4E14-TBX5-a_Export.xls,134995,30,True,sustained
134995-a_Export.xls,134995,30,True,sustained
134996-2E14-TBX5-a_Export.xls,134996,30,True,sustained
134996-a_Export.xls,134996,30,True,sustained
134997-2E14-TBX5-a_Export.xls,134997,30,True,sustained
134997-a_Export.xls,134997,30,True,sustained
134998-1E14-TBX5-a_Export.xls,134998,30,True,sustained
134998-4-a_Export.xls,134998,30,True,sustained
134999-1E14-TBX5-s-irregular-low P_Export.xls,134999,30,False,No
134999-5-TBX5-1E14-s_Export.xls,134999,30,False,No
135175-s-irregular rr_Export.xls,135175,30,False,No
135176-s_Export.xls,135176,30,False,No
135177-s-irregular rr_Export.xls,135177,30,False,No
135178-s-irregular rr_Export.xls,135178,30,False,No
3w-131497-1-tbx5-3w-4E14-a_Export.xls,3w,30,False,No
3w-131497-2-4E14-a-s_Export.xls,3w,30,False,No
3w-131497-3-4E14-s_Export.xls,3w,30,False,No
3w-131497-4-2E14-s_Export.xls,3w,30,False,No
3w-131497-5-2E14-s_Export.xls,3w,30,False,No
3w-131497-6-2E14-s_Export.xls,3w,30,False,No
3w-131497-7-1E14-s_Export.xls,3w,30,False,No
3w-131497-8-5E13-s_Export.xls,3w,30,False,No
3w-131498-2-2E14-s_Export.xls,3w,30,False,No
unweaning-133697-2-LKB1-4E14-irregular RR interval_Export.xls,unweaning,30,True,paroxysmal
unweaning-133697-3-LKB1-2E14-s_Export.xls,unweaning,30,False,No
unweaning-133697-4-LKB1-2E14-a-s_Export.xls,unweaning,30,True,paroxysmal
unweaning-133700-1-LKB1-4E14-irregular RR interval_Export.xls,unweaning,30,True,paroxysmal
unweaning-133700-2-LKB1-4E14-s_Export.xls,unweaning,30,False,No
