Feature,Importance
prev_pNN20,0.05854124404855286
next_pNN20,0.058312394284264366
pNN20,0.052451457176706864
next_pRR_3.25,0.04487629911316007
pRR_3.25,0.03891949439038142
prev_pRR_3.25,0.036724761936140146
NN20,0.034806413440400544
prev_NN20,0.03441044730699725
next_NN20,0.028981711430611432
prev_HR_Max,0.01873330958404931
next_RR_Max,0.017819632392410863
prev_RR_Min,0.01619973928918558
prev_HR_Min,0.01605328346888755
HR_Min,0.01580695533544588
RR_Min,0.01577434080916286
next_HR_Min,0.0157727107256777
prev_RR_Max,0.015675971396512445
prev_RR_Mean,0.01544049630497787
RR_Max,0.014980850556635767
HR_Max,0.014918709253628523
HR_Mean,0.01355871844947598
prev_HR_Mean,0.013487279654161681
next_RR_Min,0.013134229630858847
next_HR_Max,0.01222242263470288
next_CSI,0.012063188274783239
next_SDNN,0.011858472815313232
RR_Mean,0.011800985563642351
next_SD1SD2,0.011734029960633358
next_RR_Mean,0.01123816029654231
prev_peak_count,0.01073160215180026
next_SD2,0.010696677482933426
next_HR_Mean,0.010610201200438587
next_pNN50,0.010598959811489082
SD1SD2,0.010528998039042132
next_SD1,0.010273191598688667
prev_CSI,0.010133248129298403
prev_SD1SD2,0.010101837163308376
SDNN,0.009853424610656233
prev_pNN50,0.009733624042232825
CSI,0.009479032066948882
peak_count,0.008865715296554893
pNN50,0.008844067446097333
next_RMSSD,0.008802744208643127
next_CVI,0.00868743718642375
next_SDSD,0.008609278577313273
prev_RMSSD,0.008292786061149804
SD2,0.008222561300689853
next_Area,0.007956663899725139
next_peak_count,0.007877838007308088
prev_SDSD,0.0077856142415523725
SD1,0.007760646771034977
RMSSD,0.007609479863585681
prev_SD2,0.007332197796722329
prev_SD1,0.006826128010719949
next_NN50,0.006322733028524505
CVI,0.006164240986292522
prev_SDNN,0.006150827730321644
prev_pNN100,0.006067251564949022
next_HR_Std,0.006003292233834354
HR_Std,0.005982497453205333
prev_NN50,0.005846569145284405
prev_Area,0.005830203092465618
prev_CVI,0.0056970424175124485
next_pNN100,0.005649974000335265
Area,0.005646227467094162
SDSD,0.005635525872890645
prev_HR_Std,0.0054123563701334995
NN50,0.005362001727417229
pNN100,0.004303586141206321
NN100,0.004160381801476529
prev_NN100,0.00392418327385725
next_NN100,0.003329441204938831
