mode,recording_id,score,votes,called_af,file,lab,animal,cohort,af_label
balanced,JJ-001,0.0391,0.0,False,recordings/jj/JJ-001.txt,JJ,JJ:134405,jj,0
balanced,JJ-002,0.4745,0.0,False,recordings/jj/JJ-002.txt,JJ,JJ:134406,jj,0
balanced,JJ-003,0.4745,0.0,False,recordings/jj/JJ-003.txt,JJ,JJ:134407,jj,0
balanced,JJ-004,0.962,0.3333,False,recordings/jj/JJ-004.txt,JJ,JJ:134408,jj,0
balanced,JJ-005,0.9836,0.3333,False,recordings/jj/JJ-005.txt,JJ,JJ:134409,jj,0
balanced,JJ-006,0.1725,0.0,False,recordings/jj/JJ-006.txt,JJ,JJ:134399,jj,0
balanced,JJ-007,0.0067,0.0,False,recordings/jj/JJ-007.txt,JJ,JJ:134400,jj,0
balanced,JJ-008,0.8513,0.0,False,recordings/jj/JJ-008.txt,JJ,JJ:134401,jj,0
balanced,JJ-009,0.5051,0.0,False,recordings/jj/JJ-009.txt,JJ,JJ:134402,jj,0
balanced,JJ-010,0.0016,0.0,False,recordings/jj/JJ-010.txt,JJ,JJ:134403,jj,0
balanced,JJ-011,0.8042,0.0,False,recordings/jj/JJ-011.txt,JJ,JJ:134404,jj,0
balanced,JJ-012,0.0226,0.0,False,recordings/jj/JJ-012.txt,JJ,JJ:134405,jj,0
balanced,JJ-013,0.0477,0.0,False,recordings/jj/JJ-013.txt,JJ,JJ:134406,jj,0
balanced,JJ-014,0.0106,0.0,False,recordings/jj/JJ-014.txt,JJ,JJ:134407,jj,0
balanced,JJ-015,0.8808,0.0,False,recordings/jj/JJ-015.txt,JJ,JJ:133700,jj,0
balanced,JJ-016,0.0467,0.0,False,recordings/jj/JJ-016.txt,JJ,JJ:133700,jj,0
balanced,JJ-017,0.0036,0.0,False,recordings/jj/JJ-017.txt,JJ,JJ:134569,jj,0
balanced,JJ-018,0.6382,0.0,False,recordings/jj/JJ-018.txt,JJ,JJ:134570,jj,0
balanced,JJ-019,0.2254,0.0,False,recordings/jj/JJ-019.txt,JJ,JJ:134571,jj,0
balanced,JJ-020,0.0043,0.0,False,recordings/jj/JJ-020.txt,JJ,JJ:134399,jj,0
balanced,JJ-021,0.1121,0.0,False,recordings/jj/JJ-021.txt,JJ,JJ:134400,jj,0
balanced,JJ-022,0.0606,0.0,False,recordings/jj/JJ-022.txt,JJ,JJ:134401,jj,0
balanced,JJ-023,0.059,0.0,False,recordings/jj/JJ-023.txt,JJ,JJ:134413,jj,0
balanced,JJ-024,0.0093,0.0,False,recordings/jj/JJ-024.txt,JJ,JJ:134414,jj,0
balanced,JJ-025,0.0033,0.0,False,recordings/jj/JJ-025.txt,JJ,JJ:134415,jj,0
balanced,JJ-027,0.002,0.0,False,recordings/jj/JJ-027.txt,JJ,JJ:134414,jj,0
balanced,JJ-029,0.0474,0.0,False,recordings/jj/JJ-029.txt,JJ,JJ:134408,jj,0
balanced,JJ-030,0.9852,0.6667,True,recordings/jj/JJ-030.txt,JJ,JJ:134409,jj,0
balanced,JJ-031,0.345,0.0,False,recordings/jj/JJ-031.txt,JJ,JJ:131497,jj,0
balanced,JJ-032,0.0483,0.0,False,recordings/jj/JJ-032.txt,JJ,JJ:131497,jj,0
balanced,JJ-033,0.929,0.3333,False,recordings/jj/JJ-033.txt,JJ,JJ:131497,jj,0
balanced,JJ-034,0.0906,0.0,False,recordings/jj/JJ-034.txt,JJ,JJ:131497,jj,0
balanced,JJ-035,0.1618,0.0,False,recordings/jj/JJ-035.txt,JJ,JJ:131497,jj,0
balanced,JJ-036,0.04,0.0,False,recordings/jj/JJ-036.txt,JJ,JJ:131497,jj,0
balanced,JJ-037,0.2575,0.0,False,recordings/jj/JJ-037.txt,JJ,JJ:131497,jj,0
balanced,JJ-038,0.0264,0.0,False,recordings/jj/JJ-038.txt,JJ,JJ:131497,jj,0
balanced,JJ-040,0.0643,0.0,False,recordings/jj/JJ-040.txt,JJ,JJ:131498,jj,0
balanced,JJ-041,0.9536,0.3333,False,recordings/jj/JJ-041.txt,JJ,JJ:134399,jj,0
balanced,JJ-042,0.0024,0.0,False,recordings/jj/JJ-042.txt,JJ,JJ:134400,jj,0
balanced,JJ-043,0.0017,0.0,False,recordings/jj/JJ-043.txt,JJ,JJ:134401,jj,0
balanced,JJ-044,0.4297,0.0,False,recordings/jj/JJ-044.txt,JJ,JJ:134413,jj,0
balanced,JJ-045,0.0473,0.0,False,recordings/jj/JJ-045.txt,JJ,JJ:134414,jj,0
balanced,JJ-046,0.0081,0.0,False,recordings/jj/JJ-046.txt,JJ,JJ:134415,jj,0
balanced,JJ-047,0.3908,0.0,False,recordings/jj/JJ-047.txt,JJ,JJ:134564,jj,0
balanced,JJ-048,0.0149,0.0,False,recordings/jj/JJ-048.txt,JJ,JJ:134617,jj,0
balanced,JJ-049,0.0166,0.0,False,recordings/jj/JJ-049.txt,JJ,JJ:134618,jj,0
balanced,JJ-050,0.0695,0.0,False,recordings/jj/JJ-050.txt,JJ,JJ:134688,jj,0
balanced,JJ-051,0.0708,0.0,False,recordings/jj/JJ-051.txt,JJ,JJ:134689,jj,0
balanced,JJ-052,0.0339,0.0,False,recordings/jj/JJ-052.txt,JJ,JJ:134690,jj,0
balanced,JJ-053,0.9621,0.3333,False,recordings/jj/JJ-053.txt,JJ,JJ:134691,jj,0
balanced,JJ-054,0.9983,1.0,True,recordings/jj/JJ-054.txt,JJ,JJ:134961,jj,1
balanced,JJ-055,0.0254,0.0,False,recordings/jj/JJ-055.txt,JJ,JJ:134962,jj,0
balanced,JJ-056,0.5767,0.0,False,recordings/jj/JJ-056.txt,JJ,JJ:134963,jj,0
balanced,JJ-057,0.5981,0.0,False,recordings/jj/JJ-057.txt,JJ,JJ:134981,jj,0
balanced,JJ-058,0.0255,0.0,False,recordings/jj/JJ-058.txt,JJ,JJ:134982,jj,0
balanced,JJ-059,0.0044,0.0,False,recordings/jj/JJ-059.txt,JJ,JJ:134983,jj,0
balanced,JJ-060,0.9967,1.0,True,recordings/jj/JJ-060.txt,JJ,JJ:134991,jj,1
balanced,JJ-061,0.5572,0.0,False,recordings/jj/JJ-061.txt,JJ,JJ:134993,jj,0
balanced,JJ-062,0.0058,0.0,False,recordings/jj/JJ-062.txt,JJ,JJ:134994,jj,0
balanced,JJ-063,0.0163,0.0,False,recordings/jj/JJ-063.txt,JJ,JJ:134999,jj,0
balanced,JJ-064,0.4583,0.0,False,recordings/jj/JJ-064.txt,JJ,JJ:133697,jj,0
balanced,JJ-066,0.0434,0.0,False,recordings/jj/JJ-066.txt,JJ,JJ:133697,jj,0
balanced,JJ-069,0.8722,0.0,False,recordings/jj/JJ-069.txt,JJ,JJ:133700,jj,0
balanced,JJ-070,0.9983,1.0,True,recordings/jj/JJ-070.txt,JJ,JJ:134961,jj,1
balanced,JJ-071,0.0157,0.0,False,recordings/jj/JJ-071.txt,JJ,JJ:134962,jj,0
balanced,JJ-072,0.4279,0.0,False,recordings/jj/JJ-072.txt,JJ,JJ:134963,jj,0
balanced,JJ-073,0.9985,1.0,True,recordings/jj/JJ-073.txt,JJ,JJ:134981,jj,1
balanced,JJ-074,0.9986,1.0,True,recordings/jj/JJ-074.txt,JJ,JJ:134982,jj,1
balanced,JJ-075,0.0294,0.0,False,recordings/jj/JJ-075.txt,JJ,JJ:134983,jj,0
balanced,JJ-076,0.9991,1.0,True,recordings/jj/JJ-076.txt,JJ,JJ:134991,jj,1
balanced,JJ-077,0.9983,1.0,True,recordings/jj/JJ-077.txt,JJ,JJ:134992,jj,1
balanced,JJ-078,0.991,1.0,True,recordings/jj/JJ-078.txt,JJ,JJ:134993,jj,1
balanced,JJ-079,0.0026,0.0,False,recordings/jj/JJ-079.txt,JJ,JJ:134994,jj,0
balanced,JJ-080,0.9728,0.3333,False,recordings/jj/JJ-080.txt,JJ,JJ:134995,jj,1
balanced,JJ-081,0.997,1.0,True,recordings/jj/JJ-081.txt,JJ,JJ:134996,jj,1
balanced,JJ-082,0.9976,1.0,True,recordings/jj/JJ-082.txt,JJ,JJ:134997,jj,1
balanced,JJ-083,0.9994,1.0,True,recordings/jj/JJ-083.txt,JJ,JJ:134998,jj,1
balanced,JJ-084,0.0331,0.0,False,recordings/jj/JJ-084.txt,JJ,JJ:134999,jj,0
balanced,JJ-086,0.5901,0.0,False,recordings/jj/JJ-086.txt,JJ,JJ:134400,jj,0
balanced,JJ-087,0.0071,0.0,False,recordings/jj/JJ-087.txt,JJ,JJ:134401,jj,0
balanced,JJ-088,0.1374,0.0,False,recordings/jj/JJ-088.txt,JJ,JJ:134402,jj,0
balanced,JJ-089,0.9702,0.6667,True,recordings/jj/JJ-089.txt,JJ,JJ:134403,jj,0
balanced,JJ-090,0.003,0.0,False,recordings/jj/JJ-090.txt,JJ,JJ:134404,jj,0
balanced,JJ-091,0.8135,0.0,False,recordings/jj/JJ-091.txt,JJ,JJ:134621,jj,0
balanced,JJ-092,0.0245,0.0,False,recordings/jj/JJ-092.txt,JJ,JJ:134622,jj,0
balanced,JJ-093,0.0063,0.0,False,recordings/jj/JJ-093.txt,JJ,JJ:134623,jj,0
balanced,JJ-094,0.5028,0.0,False,recordings/jj/JJ-094.txt,JJ,JJ:134624,jj,0
balanced,JJ-095,0.2197,0.0,False,recordings/jj/JJ-095.txt,JJ,JJ:134625,jj,0
balanced,JJ-096,0.028,0.0,False,recordings/jj/JJ-096.txt,JJ,JJ:134683,jj,0
balanced,JJ-097,0.0137,0.0,False,recordings/jj/JJ-097.txt,JJ,JJ:134690,jj,0
balanced,JJ-098,0.0029,0.0,False,recordings/jj/JJ-098.txt,JJ,JJ:135175,jj,0
balanced,JJ-099,0.9403,0.6667,True,recordings/jj/JJ-099.txt,JJ,JJ:135176,jj,0
balanced,JJ-100,0.6006,0.3333,False,recordings/jj/JJ-100.txt,JJ,JJ:135177,jj,0
balanced,JJ-101,0.9958,1.0,True,recordings/jj/JJ-101.txt,JJ,JJ:135178,jj,0
balanced,JJ-102,0.0036,0.0,False,recordings/jj/JJ-102.txt,JJ,JJ:134405,jj,0
balanced,JJ-103,0.9985,1.0,True,recordings/jj/JJ-103.txt,JJ,JJ:134406,jj,1
balanced,JJ-104,0.3585,0.0,False,recordings/jj/JJ-104.txt,JJ,JJ:134407,jj,0
balanced,JJ-105,0.0137,0.0,False,recordings/jj/JJ-105.txt,JJ,JJ:134408,jj,0
balanced,JJ-106,0.0152,0.0,False,recordings/jj/JJ-106.txt,JJ,JJ:134409,jj,0
balanced,JJ-107,0.0036,0.0,False,recordings/jj/JJ-107.txt,JJ,JJ:134410,jj,0
balanced,JJ-108,0.0777,0.0,False,recordings/jj/JJ-108.txt,JJ,JJ:134411,jj,0
balanced,JJ-109,0.5056,0.0,False,recordings/jj/JJ-109.txt,JJ,JJ:134412,jj,0
balanced,JJ-110,0.0038,0.0,False,recordings/jj/JJ-110.txt,JJ,JJ:134413,jj,0
balanced,JJ-111,0.98,0.3333,False,recordings/jj/JJ-111.txt,JJ,JJ:134414,jj,0
balanced,JJ-112,0.0918,0.0,False,recordings/jj/JJ-112.txt,JJ,JJ:134415,jj,0
balanced,JJ-113,0.0073,0.0,False,recordings/jj/JJ-113.txt,JJ,JJ:134564,jj,0
balanced,JJ-114,0.0024,0.0,False,recordings/jj/JJ-114.txt,JJ,JJ:134565,jj,0
balanced,JJ-115,0.0246,0.0,False,recordings/jj/JJ-115.txt,JJ,JJ:134566,jj,0
balanced,JJ-116,0.4845,0.0,False,recordings/jj/JJ-116.txt,JJ,JJ:134567,jj,0
balanced,JJ-117,0.0162,0.0,False,recordings/jj/JJ-117.txt,JJ,JJ:134568,jj,0
balanced,JJ-118,0.9981,1.0,True,recordings/jj/JJ-118.txt,JJ,JJ:134961,jj,1
balanced,JJ-119,0.9987,1.0,True,recordings/jj/JJ-119.txt,JJ,JJ:134962,jj,1
balanced,JJ-120,0.6878,0.0,False,recordings/jj/JJ-120.txt,JJ,JJ:134963,jj,0
balanced,JJ-121,0.9978,1.0,True,recordings/jj/JJ-121.txt,JJ,JJ:134981,jj,1
balanced,JJ-122,0.9979,1.0,True,recordings/jj/JJ-122.txt,JJ,JJ:134982,jj,1
balanced,JJ-123,0.0045,0.0,False,recordings/jj/JJ-123.txt,JJ,JJ:134983,jj,0
balanced,JJ-124,0.9994,1.0,True,recordings/jj/JJ-124.txt,JJ,JJ:134991,jj,1
balanced,JJ-125,0.9984,1.0,True,recordings/jj/JJ-125.txt,JJ,JJ:134992,jj,1
balanced,JJ-126,0.9969,1.0,True,recordings/jj/JJ-126.txt,JJ,JJ:134993,jj,1
balanced,JJ-127,0.0153,0.0,False,recordings/jj/JJ-127.txt,JJ,JJ:134994,jj,0
balanced,JJ-128,0.9816,0.3333,False,recordings/jj/JJ-128.txt,JJ,JJ:134995,jj,1
balanced,JJ-129,0.9979,1.0,True,recordings/jj/JJ-129.txt,JJ,JJ:134996,jj,1
balanced,JJ-130,0.9972,1.0,True,recordings/jj/JJ-130.txt,JJ,JJ:134997,jj,1
balanced,JJ-131,0.9991,1.0,True,recordings/jj/JJ-131.txt,JJ,JJ:134998,jj,1
balanced,JJ-132,0.999,1.0,True,recordings/jj/JJ-132.txt,JJ,JJ:134999,jj,1
balanced,MS-001,0.9975,1.0,True,recordings/ms/MS-001.txt,MS,MS:001604,sf_ms,1
balanced,MS-002,0.9505,0.3333,False,recordings/ms/MS-002.txt,MS,MS:001605,sf_ms,1
balanced,MS-003,0.9982,1.0,True,recordings/ms/MS-003.txt,MS,MS:001606,sf_ms,1
balanced,MS-004,0.9992,1.0,True,recordings/ms/MS-004.txt,MS,MS:132282,sf_ms,1
balanced,MS-005,0.9992,1.0,True,recordings/ms/MS-005.txt,MS,MS:132283,sf_ms,1
balanced,MS-006,0.005,0.0,False,recordings/ms/MS-006.txt,MS,MS:132383,sf_ms,1
balanced,MS-007,0.9961,0.6667,True,recordings/ms/MS-007.txt,MS,MS:132384,sf_ms,1
balanced,MS-008,0.9123,0.0,False,recordings/ms/MS-008.txt,MS,MS:132385,sf_ms,1
balanced,MS-009,0.1172,0.0,False,recordings/ms/MS-009.txt,MS,MS:132386,sf_ms,0
balanced,MS-010,0.997,1.0,True,recordings/ms/MS-010.txt,MS,MS:132387,sf_ms,1
balanced,MS-011,0.0059,0.0,False,recordings/ms/MS-011.txt,MS,MS:132388,sf_ms,0
balanced,MS-012,0.7118,0.0,False,recordings/ms/MS-012.txt,MS,MS:132389,sf_ms,0
balanced,MS-014,0.9579,0.6667,True,recordings/ms/MS-014.txt,MS,MS:132393,sf_ms,0
balanced,MS-015,0.2603,0.0,False,recordings/ms/MS-015.txt,MS,MS:chd4_128849_ko_paroxysmal,sf_ms,0
balanced,MS-016,0.9991,1.0,True,recordings/ms/MS-016.txt,MS,MS:chd4_128874_multiome_sample,sf_ms,1
balanced,MS-017,0.9924,0.3333,False,recordings/ms/MS-017.txt,MS,MS:chd4_421cre_af,sf_ms,1
balanced,MS-018,0.8581,0.0,False,recordings/ms/MS-018.txt,MS,MS:chd4_424cre_paf,sf_ms,1
balanced,MS-019,0.9057,0.6667,True,recordings/ms/MS-019.txt,MS,MS:fgf_029_sgfgf12_sgfgf13_abnormal,sf_ms,1
balanced,MS-020,0.7149,0.0,False,recordings/ms/MS-020.txt,MS,MS:fgf_044_sgfgf12_fgf13_abnormal,sf_ms,1
balanced,MS-021,0.7082,0.0,False,recordings/ms/MS-021.txt,MS,MS:fgf_28_dko_abnormal,sf_ms,0
balanced,MS-022,0.9822,0.0,False,recordings/ms/MS-022.txt,MS,MS:fgf_43_dko_af,sf_ms,1
balanced,SF-001,0.9902,1.0,True,recordings/sf/SF-001.txt,SF,SF:lkb1_ko_1591,sf_ms,1
balanced,SF-002,0.9983,1.0,True,recordings/sf/SF-002.txt,SF,SF:lkb1_ko_1592,sf_ms,1
balanced,SF-003,0.9988,1.0,True,recordings/sf/SF-003.txt,SF,SF:lkb1_ko_1593,sf_ms,1
balanced,SF-004,0.997,0.6667,True,recordings/sf/SF-004.txt,SF,SF:lkb1_ko_1717,sf_ms,1
balanced,SF-005,0.9934,0.6667,True,recordings/sf/SF-005.txt,SF,SF:lkb1_ko_1752,sf_ms,1
balanced,SF-006,0.8559,0.0,False,recordings/sf/SF-006.txt,SF,SF:lkb1_ko_1852,sf_ms,1
balanced,SF-007,0.9976,1.0,True,recordings/sf/SF-007.txt,SF,SF:lkb1_ko_2086,sf_ms,1
balanced,SF-008,0.9944,1.0,True,recordings/sf/SF-008.txt,SF,SF:lkb1_ko_2087,sf_ms,1
balanced,SF-009,0.9926,0.6667,True,recordings/sf/SF-009.txt,SF,SF:lkb1_ko_2194,sf_ms,1
balanced,SF-010,0.9977,1.0,True,recordings/sf/SF-010.txt,SF,SF:lkb1_ko_2245,sf_ms,1
balanced,SF-011,0.9945,0.6667,True,recordings/sf/SF-011.txt,SF,SF:lkb1_ko_2245,sf_ms,1
balanced,SF-012,0.9978,1.0,True,recordings/sf/SF-012.txt,SF,SF:lkb1_ko_2245,sf_ms,1
balanced,SF-013,0.999,1.0,True,recordings/sf/SF-013.txt,SF,SF:lkb1_ko_2245,sf_ms,1
balanced,SF-014,0.9964,1.0,True,recordings/sf/SF-014.txt,SF,SF:lkb1_ko_2245,sf_ms,1
balanced,SF-015,0.4576,0.0,False,recordings/sf/SF-015.txt,SF,SF:lkb1_ko_2246,sf_ms,1
balanced,SF-016,0.9979,1.0,True,recordings/sf/SF-016.txt,SF,SF:lkb1_ko_2246,sf_ms,1
balanced,SF-017,0.9985,1.0,True,recordings/sf/SF-017.txt,SF,SF:lkb1_ko_2246,sf_ms,1
balanced,SF-018,0.9993,1.0,True,recordings/sf/SF-018.txt,SF,SF:lkb1_ko_2246,sf_ms,1
balanced,SF-019,0.9982,1.0,True,recordings/sf/SF-019.txt,SF,SF:lkb1_ko_2249,sf_ms,1
balanced,SF-020,0.9986,1.0,True,recordings/sf/SF-020.txt,SF,SF:lkb1_ko_2249,sf_ms,1
balanced,SF-021,0.9984,1.0,True,recordings/sf/SF-021.txt,SF,SF:lkb1_ko_2249,sf_ms,1
balanced,SF-022,0.9979,1.0,True,recordings/sf/SF-022.txt,SF,SF:lkb1_ko_2249,sf_ms,1
balanced,SF-023,0.9965,1.0,True,recordings/sf/SF-023.txt,SF,SF:lkb1_ko_2249,sf_ms,1
balanced,SF-024,0.9982,1.0,True,recordings/sf/SF-024.txt,SF,SF:lkb1_ko_2251,sf_ms,1
balanced,SF-025,0.9992,1.0,True,recordings/sf/SF-025.txt,SF,SF:lkb1_ko_2251,sf_ms,1
balanced,SF-026,0.7497,0.0,False,recordings/sf/SF-026.txt,SF,SF:lkb1_ko_2352,sf_ms,0
balanced,SF-027,0.9972,1.0,True,recordings/sf/SF-027.txt,SF,SF:lkb1_ko_2360,sf_ms,1
balanced,SF-028,0.9992,1.0,True,recordings/sf/SF-028.txt,SF,SF:lkb1_ko_2360,sf_ms,1
balanced,SF-029,0.9973,1.0,True,recordings/sf/SF-029.txt,SF,SF:lkb1_ko_2360,sf_ms,1
balanced,SF-030,0.9925,0.6667,True,recordings/sf/SF-030.txt,SF,SF:lkb1_ko_2360,sf_ms,1
balanced,SF-031,0.9858,0.6667,True,recordings/sf/SF-031.txt,SF,SF:lkb1_ko_2360,sf_ms,1
balanced,SF-032,0.9803,0.6667,True,recordings/sf/SF-032.txt,SF,SF:lkb1_ko_2361,sf_ms,1
balanced,SF-033,0.9974,1.0,True,recordings/sf/SF-033.txt,SF,SF:lkb1_ko_2361,sf_ms,1
balanced,SF-034,0.9848,1.0,True,recordings/sf/SF-034.txt,SF,SF:lkb1_ko_2361,sf_ms,1
balanced,SF-035,0.9985,1.0,True,recordings/sf/SF-035.txt,SF,SF:lkb1_ko_2361,sf_ms,1
balanced,SF-036,0.9981,1.0,True,recordings/sf/SF-036.txt,SF,SF:lkb1_ko_2361,sf_ms,1
balanced,SF-037,0.9993,1.0,True,recordings/sf/SF-037.txt,SF,SF:lkb1_ko_2361,sf_ms,1
balanced,SF-038,0.3572,0.0,False,recordings/sf/SF-038.txt,SF,SF:lkb1_ko_2382,sf_ms,1
balanced,SF-039,0.9942,0.6667,True,recordings/sf/SF-039.txt,SF,SF:lkb1_ko_2382,sf_ms,1
balanced,SF-040,0.9993,1.0,True,recordings/sf/SF-040.txt,SF,SF:lkb1_ko_2382,sf_ms,1
balanced,SF-041,0.9476,0.3333,False,recordings/sf/SF-041.txt,SF,SF:lkb1_ko_2382,sf_ms,1
balanced,SF-042,0.9988,1.0,True,recordings/sf/SF-042.txt,SF,SF:lkb1_ko_2383,sf_ms,1
balanced,SF-043,0.9975,1.0,True,recordings/sf/SF-043.txt,SF,SF:lkb1_ko_2383,sf_ms,1
balanced,SF-044,0.9879,0.6667,True,recordings/sf/SF-044.txt,SF,SF:lkb1_ko_2383,sf_ms,1
balanced,SF-045,0.9988,1.0,True,recordings/sf/SF-045.txt,SF,SF:lkb1_ko_2383,sf_ms,1
balanced,SF-046,0.999,1.0,True,recordings/sf/SF-046.txt,SF,SF:lkb1_ko_2383,sf_ms,1
balanced,SF-047,0.9979,1.0,True,recordings/sf/SF-047.txt,SF,SF:lkb1_ko_2384,sf_ms,1
balanced,SF-048,0.0476,0.0,False,recordings/sf/SF-048.txt,SF,SF:lkb1_ko_2384,sf_ms,1
balanced,SF-049,0.998,1.0,True,recordings/sf/SF-049.txt,SF,SF:lkb1_ko_2384,sf_ms,1
balanced,SF-050,0.985,0.6667,True,recordings/sf/SF-050.txt,SF,SF:lkb1_ko_2384,sf_ms,1
balanced,SF-051,0.9989,1.0,True,recordings/sf/SF-051.txt,SF,SF:lkb1_ko_2385,sf_ms,1
balanced,SF-052,0.9993,1.0,True,recordings/sf/SF-052.txt,SF,SF:lkb1_ko_2385,sf_ms,1
balanced,SF-053,0.9981,1.0,True,recordings/sf/SF-053.txt,SF,SF:lkb1_ko_2385,sf_ms,1
balanced,SF-054,0.8869,0.6667,True,recordings/sf/SF-054.txt,SF,SF:lkb1_ko_2385,sf_ms,1
balanced,SF-055,0.9972,1.0,True,recordings/sf/SF-055.txt,SF,SF:lkb1_ko_2386,sf_ms,1
balanced,SF-056,0.9983,1.0,True,recordings/sf/SF-056.txt,SF,SF:lkb1_ko_2386,sf_ms,1
balanced,SF-057,0.9989,1.0,True,recordings/sf/SF-057.txt,SF,SF:lkb1_ko_2386,sf_ms,1
balanced,SF-058,0.999,1.0,True,recordings/sf/SF-058.txt,SF,SF:lkb1_ko_2387,sf_ms,1
balanced,SF-059,0.9989,1.0,True,recordings/sf/SF-059.txt,SF,SF:lkb1_ko_2387,sf_ms,1
balanced,SF-060,0.9986,1.0,True,recordings/sf/SF-060.txt,SF,SF:lkb1_ko_2415,sf_ms,1
balanced,SF-061,0.9993,1.0,True,recordings/sf/SF-061.txt,SF,SF:lkb1_ko_2416,sf_ms,1
balanced,SF-062,0.6141,0.0,False,recordings/sf/SF-062.txt,SF,SF:lkb1_ko_2583,sf_ms,1
balanced,SF-063,0.998,1.0,True,recordings/sf/SF-063.txt,SF,SF:lkb1_ko_2584,sf_ms,1
balanced,SF-064,0.9941,1.0,True,recordings/sf/SF-064.txt,SF,SF:lkb1_ko_2585,sf_ms,1
balanced,SF-065,0.9977,1.0,True,recordings/sf/SF-065.txt,SF,SF:lkb1_ko_2586,sf_ms,1
balanced,SF-066,0.9901,0.6667,True,recordings/sf/SF-066.txt,SF,SF:lkb1_ko_2587,sf_ms,1
balanced,SF-067,0.9981,1.0,True,recordings/sf/SF-067.txt,SF,SF:lkb1_ko_2588,sf_ms,1
balanced,SF-068,0.885,0.0,False,recordings/sf/SF-068.txt,SF,SF:tbx5_ko_3009,sf_ms,1
balanced,SF-069,0.9718,0.0,False,recordings/sf/SF-069.txt,SF,SF:tbx5_ko_3015,sf_ms,1
balanced,SF-070,0.0038,0.0,False,recordings/sf/SF-070.txt,SF,SF:tbx5_ko_3016,sf_ms,0
balanced,SF-071,0.2803,0.0,False,recordings/sf/SF-071.txt,SF,SF:tbx5_ko_3017,sf_ms,0
balanced,SF-072,0.998,1.0,True,recordings/sf/SF-072.txt,SF,SF:tbx5_ko_3019,sf_ms,1
balanced,SF-073,0.3043,0.0,False,recordings/sf/SF-073.txt,SF,SF:tbx5_ko_3025,sf_ms,0
balanced,SF-074,0.8579,0.3333,False,recordings/sf/SF-074.txt,SF,SF:tbx5_ko_3354,sf_ms,1
balanced,SF-075,0.799,0.0,False,recordings/sf/SF-075.txt,SF,SF:tbx5_ko_3354,sf_ms,1
balanced,SF-076,0.9947,1.0,True,recordings/sf/SF-076.txt,SF,SF:tbx5_ko_3354,sf_ms,1
balanced,SF-077,0.9871,0.6667,True,recordings/sf/SF-077.txt,SF,SF:tbx5_ko_3357,sf_ms,1
balanced,SF-078,0.9962,1.0,True,recordings/sf/SF-078.txt,SF,SF:tbx5_ko_3358,sf_ms,1
balanced,SF-079,0.9977,1.0,True,recordings/sf/SF-079.txt,SF,SF:tbx5_ko_3358,sf_ms,1
balanced,SF-080,0.0029,0.0,False,recordings/sf/SF-080.txt,SF,SF:tbx5_ko_3359,sf_ms,1
balanced,SF-081,0.9987,1.0,True,recordings/sf/SF-081.txt,SF,SF:tbx5_ko_3359,sf_ms,1
balanced,SF-082,0.9991,1.0,True,recordings/sf/SF-082.txt,SF,SF:tbx5_ko_3359,sf_ms,1
balanced,SF-083,0.0091,0.0,False,recordings/sf/SF-083.txt,SF,SF:tbx5_ko_3360,sf_ms,1
balanced,SF-084,0.9822,0.3333,False,recordings/sf/SF-084.txt,SF,SF:tbx5_ko_3360,sf_ms,1
balanced,SF-085,0.993,1.0,True,recordings/sf/SF-085.txt,SF,SF:tbx5_ko_3547,sf_ms,1
balanced,SF-086,0.9975,1.0,True,recordings/sf/SF-086.txt,SF,SF:tbx5_ko_3547,sf_ms,1
balanced,SF-087,0.999,1.0,True,recordings/sf/SF-087.txt,SF,SF:tbx5_ko_3547,sf_ms,1
balanced,SF-088,0.9975,1.0,True,recordings/sf/SF-088.txt,SF,SF:tbx5_ko_3548,sf_ms,1
balanced,SF-089,0.9993,1.0,True,recordings/sf/SF-089.txt,SF,SF:tbx5_ko_3548,sf_ms,1
balanced,SF-090,0.9982,1.0,True,recordings/sf/SF-090.txt,SF,SF:tbx5_ko_3549,sf_ms,1
balanced,SF-091,0.9964,1.0,True,recordings/sf/SF-091.txt,SF,SF:tbx5_ko_3549,sf_ms,1
balanced,SF-092,0.9985,1.0,True,recordings/sf/SF-092.txt,SF,SF:tbx5_ko_3549,sf_ms,1
balanced,SF-093,0.9964,1.0,True,recordings/sf/SF-093.txt,SF,SF:tbx5_ko_3550,sf_ms,1
balanced,SF-094,0.9983,1.0,True,recordings/sf/SF-094.txt,SF,SF:tbx5_ko_3550,sf_ms,1
balanced,SF-095,0.9986,1.0,True,recordings/sf/SF-095.txt,SF,SF:tbx5_ko_3550,sf_ms,1
balanced,SF-096,0.9986,1.0,True,recordings/sf/SF-096.txt,SF,SF:tbx5_ko_3550,sf_ms,1
balanced,SF-097,0.9914,1.0,True,recordings/sf/SF-097.txt,SF,SF:tbx5_ko_3551,sf_ms,1
balanced,SF-098,0.9985,1.0,True,recordings/sf/SF-098.txt,SF,SF:tbx5_ko_3551,sf_ms,1
balanced,SF-099,0.9988,1.0,True,recordings/sf/SF-099.txt,SF,SF:tbx5_ko_3551,sf_ms,1
sensitive,JJ-001,0.0403,0.0,False,recordings/jj/JJ-001.txt,JJ,JJ:134405,jj,0
sensitive,JJ-002,0.5901,0.6667,True,recordings/jj/JJ-002.txt,JJ,JJ:134406,jj,0
sensitive,JJ-003,0.5245,0.3333,False,recordings/jj/JJ-003.txt,JJ,JJ:134407,jj,0
sensitive,JJ-004,0.994,1.0,True,recordings/jj/JJ-004.txt,JJ,JJ:134408,jj,0
sensitive,JJ-005,0.9836,1.0,True,recordings/jj/JJ-005.txt,JJ,JJ:134409,jj,0
sensitive,JJ-006,0.4866,0.0,False,recordings/jj/JJ-006.txt,JJ,JJ:134399,jj,0
sensitive,JJ-007,0.0942,0.0,False,recordings/jj/JJ-007.txt,JJ,JJ:134400,jj,0
sensitive,JJ-008,0.8861,0.3333,False,recordings/jj/JJ-008.txt,JJ,JJ:134401,jj,0
sensitive,JJ-009,0.7648,1.0,True,recordings/jj/JJ-009.txt,JJ,JJ:134402,jj,0
sensitive,JJ-010,0.0626,0.0,False,recordings/jj/JJ-010.txt,JJ,JJ:134403,jj,0
sensitive,JJ-011,0.931,1.0,True,recordings/jj/JJ-011.txt,JJ,JJ:134404,jj,0
sensitive,JJ-012,0.0502,0.0,False,recordings/jj/JJ-012.txt,JJ,JJ:134405,jj,0
sensitive,JJ-013,0.2598,0.0,False,recordings/jj/JJ-013.txt,JJ,JJ:134406,jj,0
sensitive,JJ-014,0.0528,0.0,False,recordings/jj/JJ-014.txt,JJ,JJ:134407,jj,0
sensitive,JJ-015,0.8808,0.0,False,recordings/jj/JJ-015.txt,JJ,JJ:133700,jj,0
sensitive,JJ-016,0.0636,0.0,False,recordings/jj/JJ-016.txt,JJ,JJ:133700,jj,0
sensitive,JJ-017,0.0047,0.0,False,recordings/jj/JJ-017.txt,JJ,JJ:134569,jj,0
sensitive,JJ-018,0.6382,0.6667,True,recordings/jj/JJ-018.txt,JJ,JJ:134570,jj,0
sensitive,JJ-019,0.8856,1.0,True,recordings/jj/JJ-019.txt,JJ,JJ:134571,jj,0
sensitive,JJ-020,0.0331,0.0,False,recordings/jj/JJ-020.txt,JJ,JJ:134399,jj,0
sensitive,JJ-021,0.5477,0.0,False,recordings/jj/JJ-021.txt,JJ,JJ:134400,jj,0
sensitive,JJ-022,0.0633,0.0,False,recordings/jj/JJ-022.txt,JJ,JJ:134401,jj,0
sensitive,JJ-023,0.2326,0.0,False,recordings/jj/JJ-023.txt,JJ,JJ:134413,jj,0
sensitive,JJ-024,0.062,0.0,False,recordings/jj/JJ-024.txt,JJ,JJ:134414,jj,0
sensitive,JJ-025,0.006,0.0,False,recordings/jj/JJ-025.txt,JJ,JJ:134415,jj,0
sensitive,JJ-027,0.0969,0.0,False,recordings/jj/JJ-027.txt,JJ,JJ:134414,jj,0
sensitive,JJ-029,0.0659,0.0,False,recordings/jj/JJ-029.txt,JJ,JJ:134408,jj,0
sensitive,JJ-030,0.9986,1.0,True,recordings/jj/JJ-030.txt,JJ,JJ:134409,jj,0
sensitive,JJ-031,0.9073,1.0,True,recordings/jj/JJ-031.txt,JJ,JJ:131497,jj,0
sensitive,JJ-032,0.052,0.0,False,recordings/jj/JJ-032.txt,JJ,JJ:131497,jj,0
sensitive,JJ-033,0.929,1.0,True,recordings/jj/JJ-033.txt,JJ,JJ:131497,jj,0
sensitive,JJ-034,0.5868,0.0,False,recordings/jj/JJ-034.txt,JJ,JJ:131497,jj,0
sensitive,JJ-035,0.3577,0.0,False,recordings/jj/JJ-035.txt,JJ,JJ:131497,jj,0
sensitive,JJ-036,0.0531,0.0,False,recordings/jj/JJ-036.txt,JJ,JJ:131497,jj,0
sensitive,JJ-037,0.378,0.0,False,recordings/jj/JJ-037.txt,JJ,JJ:131497,jj,0
sensitive,JJ-038,0.0437,0.0,False,recordings/jj/JJ-038.txt,JJ,JJ:131497,jj,0
sensitive,JJ-040,0.5207,0.6667,True,recordings/jj/JJ-040.txt,JJ,JJ:131498,jj,0
sensitive,JJ-041,0.9536,0.6667,True,recordings/jj/JJ-041.txt,JJ,JJ:134399,jj,0
sensitive,JJ-042,0.0364,0.0,False,recordings/jj/JJ-042.txt,JJ,JJ:134400,jj,0
sensitive,JJ-043,0.0072,0.0,False,recordings/jj/JJ-043.txt,JJ,JJ:134401,jj,0
sensitive,JJ-044,0.9715,1.0,True,recordings/jj/JJ-044.txt,JJ,JJ:134413,jj,0
sensitive,JJ-045,0.295,0.0,False,recordings/jj/JJ-045.txt,JJ,JJ:134414,jj,0
sensitive,JJ-046,0.0598,0.0,False,recordings/jj/JJ-046.txt,JJ,JJ:134415,jj,0
sensitive,JJ-047,0.3908,0.3333,False,recordings/jj/JJ-047.txt,JJ,JJ:134564,jj,0
sensitive,JJ-048,0.3568,0.6667,True,recordings/jj/JJ-048.txt,JJ,JJ:134617,jj,0
sensitive,JJ-049,0.0607,0.0,False,recordings/jj/JJ-049.txt,JJ,JJ:134618,jj,0
sensitive,JJ-050,0.0695,0.0,False,recordings/jj/JJ-050.txt,JJ,JJ:134688,jj,0
sensitive,JJ-051,0.0714,0.0,False,recordings/jj/JJ-051.txt,JJ,JJ:134689,jj,0
sensitive,JJ-052,0.0339,0.0,False,recordings/jj/JJ-052.txt,JJ,JJ:134690,jj,0
sensitive,JJ-053,0.9621,1.0,True,recordings/jj/JJ-053.txt,JJ,JJ:134691,jj,0
sensitive,JJ-054,0.999,1.0,True,recordings/jj/JJ-054.txt,JJ,JJ:134961,jj,1
sensitive,JJ-055,0.4198,0.3333,False,recordings/jj/JJ-055.txt,JJ,JJ:134962,jj,0
sensitive,JJ-056,0.6607,0.3333,False,recordings/jj/JJ-056.txt,JJ,JJ:134963,jj,0
sensitive,JJ-057,0.638,0.0,False,recordings/jj/JJ-057.txt,JJ,JJ:134981,jj,0
sensitive,JJ-058,0.0319,0.0,False,recordings/jj/JJ-058.txt,JJ,JJ:134982,jj,0
sensitive,JJ-059,0.0434,0.0,False,recordings/jj/JJ-059.txt,JJ,JJ:134983,jj,0
sensitive,JJ-060,0.9989,1.0,True,recordings/jj/JJ-060.txt,JJ,JJ:134991,jj,1
sensitive,JJ-061,0.5849,0.0,False,recordings/jj/JJ-061.txt,JJ,JJ:134993,jj,0
sensitive,JJ-062,0.0156,0.0,False,recordings/jj/JJ-062.txt,JJ,JJ:134994,jj,0
sensitive,JJ-063,0.6599,0.3333,False,recordings/jj/JJ-063.txt,JJ,JJ:134999,jj,0
sensitive,JJ-064,0.512,0.0,False,recordings/jj/JJ-064.txt,JJ,JJ:133697,jj,0
sensitive,JJ-066,0.1819,0.0,False,recordings/jj/JJ-066.txt,JJ,JJ:133697,jj,0
sensitive,JJ-069,0.9986,1.0,True,recordings/jj/JJ-069.txt,JJ,JJ:133700,jj,0
sensitive,JJ-070,0.9992,1.0,True,recordings/jj/JJ-070.txt,JJ,JJ:134961,jj,1
sensitive,JJ-071,0.3894,0.0,False,recordings/jj/JJ-071.txt,JJ,JJ:134962,jj,0
sensitive,JJ-072,0.5015,0.0,False,recordings/jj/JJ-072.txt,JJ,JJ:134963,jj,0
sensitive,JJ-073,0.9995,1.0,True,recordings/jj/JJ-073.txt,JJ,JJ:134981,jj,1
sensitive,JJ-074,0.9994,1.0,True,recordings/jj/JJ-074.txt,JJ,JJ:134982,jj,1
sensitive,JJ-075,0.4246,0.0,False,recordings/jj/JJ-075.txt,JJ,JJ:134983,jj,0
sensitive,JJ-076,0.9991,1.0,True,recordings/jj/JJ-076.txt,JJ,JJ:134991,jj,1
sensitive,JJ-077,0.9988,1.0,True,recordings/jj/JJ-077.txt,JJ,JJ:134992,jj,1
sensitive,JJ-078,0.9962,1.0,True,recordings/jj/JJ-078.txt,JJ,JJ:134993,jj,1
sensitive,JJ-079,0.2746,0.0,False,recordings/jj/JJ-079.txt,JJ,JJ:134994,jj,0
sensitive,JJ-080,0.9953,1.0,True,recordings/jj/JJ-080.txt,JJ,JJ:134995,jj,1
sensitive,JJ-081,0.999,1.0,True,recordings/jj/JJ-081.txt,JJ,JJ:134996,jj,1
sensitive,JJ-082,0.9982,1.0,True,recordings/jj/JJ-082.txt,JJ,JJ:134997,jj,1
sensitive,JJ-083,0.9994,1.0,True,recordings/jj/JJ-083.txt,JJ,JJ:134998,jj,1
sensitive,JJ-084,0.2298,0.0,False,recordings/jj/JJ-084.txt,JJ,JJ:134999,jj,0
sensitive,JJ-086,0.9934,1.0,True,recordings/jj/JJ-086.txt,JJ,JJ:134400,jj,0
sensitive,JJ-087,0.0083,0.0,False,recordings/jj/JJ-087.txt,JJ,JJ:134401,jj,0
sensitive,JJ-088,0.3122,0.3333,False,recordings/jj/JJ-088.txt,JJ,JJ:134402,jj,0
sensitive,JJ-089,0.9702,1.0,True,recordings/jj/JJ-089.txt,JJ,JJ:134403,jj,0
sensitive,JJ-090,0.1078,0.0,False,recordings/jj/JJ-090.txt,JJ,JJ:134404,jj,0
sensitive,JJ-091,0.9669,1.0,True,recordings/jj/JJ-091.txt,JJ,JJ:134621,jj,0
sensitive,JJ-092,0.0653,0.0,False,recordings/jj/JJ-092.txt,JJ,JJ:134622,jj,0
sensitive,JJ-093,0.0096,0.0,False,recordings/jj/JJ-093.txt,JJ,JJ:134623,jj,0
sensitive,JJ-094,0.6872,0.3333,False,recordings/jj/JJ-094.txt,JJ,JJ:134624,jj,0
sensitive,JJ-095,0.9944,1.0,True,recordings/jj/JJ-095.txt,JJ,JJ:134625,jj,0
sensitive,JJ-096,0.7094,0.0,False,recordings/jj/JJ-096.txt,JJ,JJ:134683,jj,0
sensitive,JJ-097,0.1183,0.0,False,recordings/jj/JJ-097.txt,JJ,JJ:134690,jj,0
sensitive,JJ-098,0.1472,0.0,False,recordings/jj/JJ-098.txt,JJ,JJ:135175,jj,0
sensitive,JJ-099,0.9662,1.0,True,recordings/jj/JJ-099.txt,JJ,JJ:135176,jj,0
sensitive,JJ-100,0.7854,0.6667,True,recordings/jj/JJ-100.txt,JJ,JJ:135177,jj,0
sensitive,JJ-101,0.9984,1.0,True,recordings/jj/JJ-101.txt,JJ,JJ:135178,jj,0
sensitive,JJ-102,0.0186,0.0,False,recordings/jj/JJ-102.txt,JJ,JJ:134405,jj,0
sensitive,JJ-103,0.9992,1.0,True,recordings/jj/JJ-103.txt,JJ,JJ:134406,jj,1
sensitive,JJ-104,0.4642,0.3333,False,recordings/jj/JJ-104.txt,JJ,JJ:134407,jj,0
sensitive,JJ-105,0.0495,0.0,False,recordings/jj/JJ-105.txt,JJ,JJ:134408,jj,0
sensitive,JJ-106,0.0302,0.0,False,recordings/jj/JJ-106.txt,JJ,JJ:134409,jj,0
sensitive,JJ-107,0.0097,0.0,False,recordings/jj/JJ-107.txt,JJ,JJ:134410,jj,0
sensitive,JJ-108,0.111,0.0,False,recordings/jj/JJ-108.txt,JJ,JJ:134411,jj,0
sensitive,JJ-109,0.6248,1.0,True,recordings/jj/JJ-109.txt,JJ,JJ:134412,jj,0
sensitive,JJ-110,0.112,0.0,False,recordings/jj/JJ-110.txt,JJ,JJ:134413,jj,0
sensitive,JJ-111,0.98,1.0,True,recordings/jj/JJ-111.txt,JJ,JJ:134414,jj,0
sensitive,JJ-112,0.0918,0.0,False,recordings/jj/JJ-112.txt,JJ,JJ:134415,jj,0
sensitive,JJ-113,0.0134,0.0,False,recordings/jj/JJ-113.txt,JJ,JJ:134564,jj,0
sensitive,JJ-114,0.0049,0.0,False,recordings/jj/JJ-114.txt,JJ,JJ:134565,jj,0
sensitive,JJ-115,0.035,0.0,False,recordings/jj/JJ-115.txt,JJ,JJ:134566,jj,0
sensitive,JJ-116,0.9867,1.0,True,recordings/jj/JJ-116.txt,JJ,JJ:134567,jj,0
sensitive,JJ-117,0.0521,0.0,False,recordings/jj/JJ-117.txt,JJ,JJ:134568,jj,0
sensitive,JJ-118,0.9984,1.0,True,recordings/jj/JJ-118.txt,JJ,JJ:134961,jj,1
sensitive,JJ-119,0.9989,1.0,True,recordings/jj/JJ-119.txt,JJ,JJ:134962,jj,1
sensitive,JJ-120,0.7681,0.3333,False,recordings/jj/JJ-120.txt,JJ,JJ:134963,jj,0
sensitive,JJ-121,0.9987,1.0,True,recordings/jj/JJ-121.txt,JJ,JJ:134981,jj,1
sensitive,JJ-122,0.9981,1.0,True,recordings/jj/JJ-122.txt,JJ,JJ:134982,jj,1
sensitive,JJ-123,0.271,0.0,False,recordings/jj/JJ-123.txt,JJ,JJ:134983,jj,0
sensitive,JJ-124,0.9994,1.0,True,recordings/jj/JJ-124.txt,JJ,JJ:134991,jj,1
sensitive,JJ-125,0.9985,1.0,True,recordings/jj/JJ-125.txt,JJ,JJ:134992,jj,1
sensitive,JJ-126,0.9969,1.0,True,recordings/jj/JJ-126.txt,JJ,JJ:134993,jj,1
sensitive,JJ-127,0.0154,0.0,False,recordings/jj/JJ-127.txt,JJ,JJ:134994,jj,0
sensitive,JJ-128,0.9977,1.0,True,recordings/jj/JJ-128.txt,JJ,JJ:134995,jj,1
sensitive,JJ-129,0.9982,1.0,True,recordings/jj/JJ-129.txt,JJ,JJ:134996,jj,1
sensitive,JJ-130,0.9981,1.0,True,recordings/jj/JJ-130.txt,JJ,JJ:134997,jj,1
sensitive,JJ-131,0.9991,1.0,True,recordings/jj/JJ-131.txt,JJ,JJ:134998,jj,1
sensitive,JJ-132,0.9994,1.0,True,recordings/jj/JJ-132.txt,JJ,JJ:134999,jj,1
sensitive,MS-001,0.9981,1.0,True,recordings/ms/MS-001.txt,MS,MS:001604,sf_ms,1
sensitive,MS-002,0.9877,1.0,True,recordings/ms/MS-002.txt,MS,MS:001605,sf_ms,1
sensitive,MS-003,0.9982,1.0,True,recordings/ms/MS-003.txt,MS,MS:001606,sf_ms,1
sensitive,MS-004,0.9993,1.0,True,recordings/ms/MS-004.txt,MS,MS:132282,sf_ms,1
sensitive,MS-005,0.9993,1.0,True,recordings/ms/MS-005.txt,MS,MS:132283,sf_ms,1
sensitive,MS-006,0.0115,0.0,False,recordings/ms/MS-006.txt,MS,MS:132383,sf_ms,1
sensitive,MS-007,0.9981,1.0,True,recordings/ms/MS-007.txt,MS,MS:132384,sf_ms,1
sensitive,MS-008,0.9123,0.6667,True,recordings/ms/MS-008.txt,MS,MS:132385,sf_ms,1
sensitive,MS-009,0.2189,0.0,False,recordings/ms/MS-009.txt,MS,MS:132386,sf_ms,0
sensitive,MS-010,0.9986,1.0,True,recordings/ms/MS-010.txt,MS,MS:132387,sf_ms,1
sensitive,MS-011,0.0311,0.0,False,recordings/ms/MS-011.txt,MS,MS:132388,sf_ms,0
sensitive,MS-012,0.816,0.6667,True,recordings/ms/MS-012.txt,MS,MS:132389,sf_ms,0
sensitive,MS-014,0.9787,1.0,True,recordings/ms/MS-014.txt,MS,MS:132393,sf_ms,0
sensitive,MS-015,0.2603,0.3333,False,recordings/ms/MS-015.txt,MS,MS:chd4_128849_ko_paroxysmal,sf_ms,0
sensitive,MS-016,0.9991,1.0,True,recordings/ms/MS-016.txt,MS,MS:chd4_128874_multiome_sample,sf_ms,1
sensitive,MS-017,0.9992,1.0,True,recordings/ms/MS-017.txt,MS,MS:chd4_421cre_af,sf_ms,1
sensitive,MS-018,0.9991,1.0,True,recordings/ms/MS-018.txt,MS,MS:chd4_424cre_paf,sf_ms,1
sensitive,MS-019,0.9626,1.0,True,recordings/ms/MS-019.txt,MS,MS:fgf_029_sgfgf12_sgfgf13_abnormal,sf_ms,1
sensitive,MS-020,0.7266,0.3333,False,recordings/ms/MS-020.txt,MS,MS:fgf_044_sgfgf12_fgf13_abnormal,sf_ms,1
sensitive,MS-021,0.8402,0.6667,True,recordings/ms/MS-021.txt,MS,MS:fgf_28_dko_abnormal,sf_ms,0
sensitive,MS-022,0.9989,1.0,True,recordings/ms/MS-022.txt,MS,MS:fgf_43_dko_af,sf_ms,1
sensitive,SF-001,0.9969,1.0,True,recordings/sf/SF-001.txt,SF,SF:lkb1_ko_1591,sf_ms,1
sensitive,SF-002,0.9985,1.0,True,recordings/sf/SF-002.txt,SF,SF:lkb1_ko_1592,sf_ms,1
sensitive,SF-003,0.9992,1.0,True,recordings/sf/SF-003.txt,SF,SF:lkb1_ko_1593,sf_ms,1
sensitive,SF-004,0.9987,1.0,True,recordings/sf/SF-004.txt,SF,SF:lkb1_ko_1717,sf_ms,1
sensitive,SF-005,0.9962,1.0,True,recordings/sf/SF-005.txt,SF,SF:lkb1_ko_1752,sf_ms,1
sensitive,SF-006,0.8931,1.0,True,recordings/sf/SF-006.txt,SF,SF:lkb1_ko_1852,sf_ms,1
sensitive,SF-007,0.9981,1.0,True,recordings/sf/SF-007.txt,SF,SF:lkb1_ko_2086,sf_ms,1
sensitive,SF-008,0.9984,1.0,True,recordings/sf/SF-008.txt,SF,SF:lkb1_ko_2087,sf_ms,1
sensitive,SF-009,0.9961,1.0,True,recordings/sf/SF-009.txt,SF,SF:lkb1_ko_2194,sf_ms,1
sensitive,SF-010,0.9986,1.0,True,recordings/sf/SF-010.txt,SF,SF:lkb1_ko_2245,sf_ms,1
sensitive,SF-011,0.9956,1.0,True,recordings/sf/SF-011.txt,SF,SF:lkb1_ko_2245,sf_ms,1
sensitive,SF-012,0.9985,1.0,True,recordings/sf/SF-012.txt,SF,SF:lkb1_ko_2245,sf_ms,1
sensitive,SF-013,0.999,1.0,True,recordings/sf/SF-013.txt,SF,SF:lkb1_ko_2245,sf_ms,1
sensitive,SF-014,0.9972,1.0,True,recordings/sf/SF-014.txt,SF,SF:lkb1_ko_2245,sf_ms,1
sensitive,SF-015,0.8345,0.6667,True,recordings/sf/SF-015.txt,SF,SF:lkb1_ko_2246,sf_ms,1
sensitive,SF-016,0.9986,1.0,True,recordings/sf/SF-016.txt,SF,SF:lkb1_ko_2246,sf_ms,1
sensitive,SF-017,0.9987,1.0,True,recordings/sf/SF-017.txt,SF,SF:lkb1_ko_2246,sf_ms,1
sensitive,SF-018,0.9994,1.0,True,recordings/sf/SF-018.txt,SF,SF:lkb1_ko_2246,sf_ms,1
sensitive,SF-019,0.9983,1.0,True,recordings/sf/SF-019.txt,SF,SF:lkb1_ko_2249,sf_ms,1
sensitive,SF-020,0.9987,1.0,True,recordings/sf/SF-020.txt,SF,SF:lkb1_ko_2249,sf_ms,1
sensitive,SF-021,0.9995,1.0,True,recordings/sf/SF-021.txt,SF,SF:lkb1_ko_2249,sf_ms,1
sensitive,SF-022,0.9991,1.0,True,recordings/sf/SF-022.txt,SF,SF:lkb1_ko_2249,sf_ms,1
sensitive,SF-023,0.9981,1.0,True,recordings/sf/SF-023.txt,SF,SF:lkb1_ko_2249,sf_ms,1
sensitive,SF-024,0.9991,1.0,True,recordings/sf/SF-024.txt,SF,SF:lkb1_ko_2251,sf_ms,1
sensitive,SF-025,0.9994,1.0,True,recordings/sf/SF-025.txt,SF,SF:lkb1_ko_2251,sf_ms,1
sensitive,SF-026,0.7497,0.6667,True,recordings/sf/SF-026.txt,SF,SF:lkb1_ko_2352,sf_ms,0
sensitive,SF-027,0.9972,1.0,True,recordings/sf/SF-027.txt,SF,SF:lkb1_ko_2360,sf_ms,1
sensitive,SF-028,0.9994,1.0,True,recordings/sf/SF-028.txt,SF,SF:lkb1_ko_2360,sf_ms,1
sensitive,SF-029,0.9979,1.0,True,recordings/sf/SF-029.txt,SF,SF:lkb1_ko_2360,sf_ms,1
sensitive,SF-030,0.9925,1.0,True,recordings/sf/SF-030.txt,SF,SF:lkb1_ko_2360,sf_ms,1
sensitive,SF-031,0.9858,1.0,True,recordings/sf/SF-031.txt,SF,SF:lkb1_ko_2360,sf_ms,1
sensitive,SF-032,0.9883,1.0,True,recordings/sf/SF-032.txt,SF,SF:lkb1_ko_2361,sf_ms,1
sensitive,SF-033,0.9974,1.0,True,recordings/sf/SF-033.txt,SF,SF:lkb1_ko_2361,sf_ms,1
sensitive,SF-034,0.9983,1.0,True,recordings/sf/SF-034.txt,SF,SF:lkb1_ko_2361,sf_ms,1
sensitive,SF-035,0.9991,1.0,True,recordings/sf/SF-035.txt,SF,SF:lkb1_ko_2361,sf_ms,1
sensitive,SF-036,0.9982,1.0,True,recordings/sf/SF-036.txt,SF,SF:lkb1_ko_2361,sf_ms,1
sensitive,SF-037,0.9994,1.0,True,recordings/sf/SF-037.txt,SF,SF:lkb1_ko_2361,sf_ms,1
sensitive,SF-038,0.9986,1.0,True,recordings/sf/SF-038.txt,SF,SF:lkb1_ko_2382,sf_ms,1
sensitive,SF-039,0.9971,1.0,True,recordings/sf/SF-039.txt,SF,SF:lkb1_ko_2382,sf_ms,1
sensitive,SF-040,0.9993,1.0,True,recordings/sf/SF-040.txt,SF,SF:lkb1_ko_2382,sf_ms,1
sensitive,SF-041,0.9834,1.0,True,recordings/sf/SF-041.txt,SF,SF:lkb1_ko_2382,sf_ms,1
sensitive,SF-042,0.9988,1.0,True,recordings/sf/SF-042.txt,SF,SF:lkb1_ko_2383,sf_ms,1
sensitive,SF-043,0.9976,1.0,True,recordings/sf/SF-043.txt,SF,SF:lkb1_ko_2383,sf_ms,1
sensitive,SF-044,0.9879,1.0,True,recordings/sf/SF-044.txt,SF,SF:lkb1_ko_2383,sf_ms,1
sensitive,SF-045,0.9988,1.0,True,recordings/sf/SF-045.txt,SF,SF:lkb1_ko_2383,sf_ms,1
sensitive,SF-046,0.999,1.0,True,recordings/sf/SF-046.txt,SF,SF:lkb1_ko_2383,sf_ms,1
sensitive,SF-047,0.9985,1.0,True,recordings/sf/SF-047.txt,SF,SF:lkb1_ko_2384,sf_ms,1
sensitive,SF-048,0.0485,0.0,False,recordings/sf/SF-048.txt,SF,SF:lkb1_ko_2384,sf_ms,1
sensitive,SF-049,0.9983,1.0,True,recordings/sf/SF-049.txt,SF,SF:lkb1_ko_2384,sf_ms,1
sensitive,SF-050,0.985,1.0,True,recordings/sf/SF-050.txt,SF,SF:lkb1_ko_2384,sf_ms,1
sensitive,SF-051,0.9989,1.0,True,recordings/sf/SF-051.txt,SF,SF:lkb1_ko_2385,sf_ms,1
sensitive,SF-052,0.9993,1.0,True,recordings/sf/SF-052.txt,SF,SF:lkb1_ko_2385,sf_ms,1
sensitive,SF-053,0.9986,1.0,True,recordings/sf/SF-053.txt,SF,SF:lkb1_ko_2385,sf_ms,1
sensitive,SF-054,0.9011,1.0,True,recordings/sf/SF-054.txt,SF,SF:lkb1_ko_2385,sf_ms,1
sensitive,SF-055,0.9977,1.0,True,recordings/sf/SF-055.txt,SF,SF:lkb1_ko_2386,sf_ms,1
sensitive,SF-056,0.9983,1.0,True,recordings/sf/SF-056.txt,SF,SF:lkb1_ko_2386,sf_ms,1
sensitive,SF-057,0.9989,1.0,True,recordings/sf/SF-057.txt,SF,SF:lkb1_ko_2386,sf_ms,1
sensitive,SF-058,0.999,1.0,True,recordings/sf/SF-058.txt,SF,SF:lkb1_ko_2387,sf_ms,1
sensitive,SF-059,0.9992,1.0,True,recordings/sf/SF-059.txt,SF,SF:lkb1_ko_2387,sf_ms,1
sensitive,SF-060,0.999,1.0,True,recordings/sf/SF-060.txt,SF,SF:lkb1_ko_2415,sf_ms,1
sensitive,SF-061,0.9993,1.0,True,recordings/sf/SF-061.txt,SF,SF:lkb1_ko_2416,sf_ms,1
sensitive,SF-062,0.9979,1.0,True,recordings/sf/SF-062.txt,SF,SF:lkb1_ko_2583,sf_ms,1
sensitive,SF-063,0.9983,1.0,True,recordings/sf/SF-063.txt,SF,SF:lkb1_ko_2584,sf_ms,1
sensitive,SF-064,0.9989,1.0,True,recordings/sf/SF-064.txt,SF,SF:lkb1_ko_2585,sf_ms,1
sensitive,SF-065,0.9988,1.0,True,recordings/sf/SF-065.txt,SF,SF:lkb1_ko_2586,sf_ms,1
sensitive,SF-066,0.9901,1.0,True,recordings/sf/SF-066.txt,SF,SF:lkb1_ko_2587,sf_ms,1
sensitive,SF-067,0.9982,1.0,True,recordings/sf/SF-067.txt,SF,SF:lkb1_ko_2588,sf_ms,1
sensitive,SF-068,0.885,1.0,True,recordings/sf/SF-068.txt,SF,SF:tbx5_ko_3009,sf_ms,1
sensitive,SF-069,0.9718,1.0,True,recordings/sf/SF-069.txt,SF,SF:tbx5_ko_3015,sf_ms,1
sensitive,SF-070,0.9556,0.6667,True,recordings/sf/SF-070.txt,SF,SF:tbx5_ko_3016,sf_ms,0
sensitive,SF-071,0.6448,0.3333,False,recordings/sf/SF-071.txt,SF,SF:tbx5_ko_3017,sf_ms,0
sensitive,SF-072,0.9986,1.0,True,recordings/sf/SF-072.txt,SF,SF:tbx5_ko_3019,sf_ms,1
sensitive,SF-073,0.546,0.3333,False,recordings/sf/SF-073.txt,SF,SF:tbx5_ko_3025,sf_ms,0
sensitive,SF-074,0.8579,0.6667,True,recordings/sf/SF-074.txt,SF,SF:tbx5_ko_3354,sf_ms,1
sensitive,SF-075,0.9793,1.0,True,recordings/sf/SF-075.txt,SF,SF:tbx5_ko_3354,sf_ms,1
sensitive,SF-076,0.9947,1.0,True,recordings/sf/SF-076.txt,SF,SF:tbx5_ko_3354,sf_ms,1
sensitive,SF-077,0.9982,1.0,True,recordings/sf/SF-077.txt,SF,SF:tbx5_ko_3357,sf_ms,1
sensitive,SF-078,0.9966,1.0,True,recordings/sf/SF-078.txt,SF,SF:tbx5_ko_3358,sf_ms,1
sensitive,SF-079,0.9984,1.0,True,recordings/sf/SF-079.txt,SF,SF:tbx5_ko_3358,sf_ms,1
sensitive,SF-080,0.9994,1.0,True,recordings/sf/SF-080.txt,SF,SF:tbx5_ko_3359,sf_ms,1
sensitive,SF-081,0.9993,1.0,True,recordings/sf/SF-081.txt,SF,SF:tbx5_ko_3359,sf_ms,1
sensitive,SF-082,0.9993,1.0,True,recordings/sf/SF-082.txt,SF,SF:tbx5_ko_3359,sf_ms,1
sensitive,SF-083,0.9938,1.0,True,recordings/sf/SF-083.txt,SF,SF:tbx5_ko_3360,sf_ms,1
sensitive,SF-084,0.9959,1.0,True,recordings/sf/SF-084.txt,SF,SF:tbx5_ko_3360,sf_ms,1
sensitive,SF-085,0.9939,1.0,True,recordings/sf/SF-085.txt,SF,SF:tbx5_ko_3547,sf_ms,1
sensitive,SF-086,0.9987,1.0,True,recordings/sf/SF-086.txt,SF,SF:tbx5_ko_3547,sf_ms,1
sensitive,SF-087,0.9992,1.0,True,recordings/sf/SF-087.txt,SF,SF:tbx5_ko_3547,sf_ms,1
sensitive,SF-088,0.9984,1.0,True,recordings/sf/SF-088.txt,SF,SF:tbx5_ko_3548,sf_ms,1
sensitive,SF-089,0.9993,1.0,True,recordings/sf/SF-089.txt,SF,SF:tbx5_ko_3548,sf_ms,1
sensitive,SF-090,0.9987,1.0,True,recordings/sf/SF-090.txt,SF,SF:tbx5_ko_3549,sf_ms,1
sensitive,SF-091,0.9989,1.0,True,recordings/sf/SF-091.txt,SF,SF:tbx5_ko_3549,sf_ms,1
sensitive,SF-092,0.9991,1.0,True,recordings/sf/SF-092.txt,SF,SF:tbx5_ko_3549,sf_ms,1
sensitive,SF-093,0.9964,1.0,True,recordings/sf/SF-093.txt,SF,SF:tbx5_ko_3550,sf_ms,1
sensitive,SF-094,0.9984,1.0,True,recordings/sf/SF-094.txt,SF,SF:tbx5_ko_3550,sf_ms,1
sensitive,SF-095,0.9986,1.0,True,recordings/sf/SF-095.txt,SF,SF:tbx5_ko_3550,sf_ms,1
sensitive,SF-096,0.9992,1.0,True,recordings/sf/SF-096.txt,SF,SF:tbx5_ko_3550,sf_ms,1
sensitive,SF-097,0.9934,1.0,True,recordings/sf/SF-097.txt,SF,SF:tbx5_ko_3551,sf_ms,1
sensitive,SF-098,0.9986,1.0,True,recordings/sf/SF-098.txt,SF,SF:tbx5_ko_3551,sf_ms,1
sensitive,SF-099,0.9992,1.0,True,recordings/sf/SF-099.txt,SF,SF:tbx5_ko_3551,sf_ms,1
